WWTP,Locality,Code postal
Beggen,Bereldange,7241
Beggen,Bereldange,7245
Beggen,Bertrange,8011
Beggen,Bertrange,8041
Beggen,Bertrange,8050
Beggen,Bertrange,8051
Beggen,Bertrange,8052
Beggen,Bertrange,8053
Beggen,Bertrange,8054
Beggen,Bertrange,8055
Beggen,Bertrange,8057
Beggen,Bertrange,8058
Beggen,Bertrange,8059
Beggen,Bertrange,8061
Beggen,Bertrange,8062
Beggen,Bertrange,8063
Beggen,Bertrange,8064
Beggen,Bertrange,8065
Beggen,Bertrange,8066
Beggen,Bertrange,8067
Beggen,Bertrange,8068
Beggen,Bertrange,8069
Beggen,Bertrange,8070
Beggen,Bertrange,8071
Beggen,Bertrange,8072
Beggen,Bertrange,8074
Beggen,Bertrange,8075
Beggen,Bertrange,8076
Beggen,Bertrange,8077
Beggen,Bertrange,8078
Beggen,Bertrange,8079
Beggen,Bertrange,8080
Beggen,Bertrange,8081
Beggen,Bertrange,8082
Beggen,Bertrange,8083
Beggen,Bertrange,8084
Beggen,Bertrange,8085
Beggen,Bertrange,8086
Beggen,Bertrange,8087
Beggen,Bertrange,8088
Beggen,Bertrange,8089
Beggen,Bertrange,8090
Beggen,Bertrange,8091
Beggen,Bertrange,8092
Beggen,Bertrange,8093
Beggen,Bertrange,8094
Beggen,Bertrange,8095
Beggen,Bertrange,8096
Beggen,Bertrange,8117
Beggen,Bertrange,8268
Beggen,Findel,1319
Beggen,Findel,1523
Beggen,Findel,1751
Beggen,Findel,2220
Beggen,Findel,2632
Beggen,Leudelange,3345
Beggen,Leudelange,3346
Beggen,Leudelange,3347
Beggen,Leudelange,3348
Beggen,Leudelange,3349
Beggen,Leudelange,3350
Beggen,Leudelange,3351
Beggen,Leudelange,3352
Beggen,Leudelange,3353
Beggen,Leudelange,3354
Beggen,Leudelange,3355
Beggen,Leudelange,3356
Beggen,Leudelange,3357
Beggen,Leudelange,3358
Beggen,Leudelange,3360
Beggen,Leudelange,3361
Beggen,Leudelange,3362
Beggen,Leudelange,3363
Beggen,Leudelange,3364
Beggen,Leudelange,3365
Beggen,Leudelange,3366
Beggen,Leudelange,3367
Beggen,Leudelange,3368
Beggen,Leudelange,3369
Beggen,Leudelange,3370
Beggen,Leudelange,3371
Beggen,Leudelange,3372
Beggen,Leudelange,3373
Beggen,Leudelange,3374
Beggen,Leudelange,3375
Beggen,Leudelange,3376
Beggen,Leudelange,3377
Beggen,Luxembourg,1111
Beggen,Luxembourg,1112
Beggen,Luxembourg,1113
Beggen,Luxembourg,1114
Beggen,Luxembourg,1115
Beggen,Luxembourg,1116
Beggen,Luxembourg,1117
Beggen,Luxembourg,1118
Beggen,Luxembourg,1119
Beggen,Luxembourg,1120
Beggen,Luxembourg,1121
Beggen,Luxembourg,1122
Beggen,Luxembourg,1123
Beggen,Luxembourg,1124
Beggen,Luxembourg,1125
Beggen,Luxembourg,1126
Beggen,Luxembourg,1127
Beggen,Luxembourg,1128
Beggen,Luxembourg,1129
Beggen,Luxembourg,1130
Beggen,Luxembourg,1131
Beggen,Luxembourg,1132
Beggen,Luxembourg,1133
Beggen,Luxembourg,1134
Beggen,Luxembourg,1135
Beggen,Luxembourg,1136
Beggen,Luxembourg,1138
Beggen,Luxembourg,1139
Beggen,Luxembourg,1140
Beggen,Luxembourg,1141
Beggen,Luxembourg,1142
Beggen,Luxembourg,1143
Beggen,Luxembourg,1144
Beggen,Luxembourg,1145
Beggen,Luxembourg,1146
Beggen,Luxembourg,1147
Beggen,Luxembourg,1148
Beggen,Luxembourg,1149
Beggen,Luxembourg,1150
Beggen,Luxembourg,1151
Beggen,Luxembourg,1152
Beggen,Luxembourg,1159
Beggen,Luxembourg,1160
Beggen,Luxembourg,1161
Beggen,Luxembourg,1208
Beggen,Luxembourg,1210
Beggen,Luxembourg,1211
Beggen,Luxembourg,1212
Beggen,Luxembourg,1213
Beggen,Luxembourg,1214
Beggen,Luxembourg,1215
Beggen,Luxembourg,1217
Beggen,Luxembourg,1218
Beggen,Luxembourg,1219
Beggen,Luxembourg,1220
Beggen,Luxembourg,1221
Beggen,Luxembourg,1222
Beggen,Luxembourg,1224
Beggen,Luxembourg,1225
Beggen,Luxembourg,1226
Beggen,Luxembourg,1227
Beggen,Luxembourg,1229
Beggen,Luxembourg,1230
Beggen,Luxembourg,1233
Beggen,Luxembourg,1234
Beggen,Luxembourg,1235
Beggen,Luxembourg,1236
Beggen,Luxembourg,1237
Beggen,Luxembourg,1238
Beggen,Luxembourg,1240
Beggen,Luxembourg,1241
Beggen,Luxembourg,1242
Beggen,Luxembourg,1243
Beggen,Luxembourg,1244
Beggen,Luxembourg,1246
Beggen,Luxembourg,1247
Beggen,Luxembourg,1248
Beggen,Luxembourg,1249
Beggen,Luxembourg,1250
Beggen,Luxembourg,1251
Beggen,Luxembourg,1252
Beggen,Luxembourg,1253
Beggen,Luxembourg,1254
Beggen,Luxembourg,1255
Beggen,Luxembourg,1256
Beggen,Luxembourg,1257
Beggen,Luxembourg,1258
Beggen,Luxembourg,1260
Beggen,Luxembourg,1261
Beggen,Luxembourg,1262
Beggen,Luxembourg,1263
Beggen,Luxembourg,1264
Beggen,Luxembourg,1265
Beggen,Luxembourg,1266
Beggen,Luxembourg,1267
Beggen,Luxembourg,1268
Beggen,Luxembourg,1269
Beggen,Luxembourg,1270
Beggen,Luxembourg,1271
Beggen,Luxembourg,1272
Beggen,Luxembourg,1273
Beggen,Luxembourg,1275
Beggen,Luxembourg,1276
Beggen,Luxembourg,1277
Beggen,Luxembourg,1278
Beggen,Luxembourg,1279
Beggen,Luxembourg,1280
Beggen,Luxembourg,1281
Beggen,Luxembourg,1282
Beggen,Luxembourg,1283
Beggen,Luxembourg,1309
Beggen,Luxembourg,1310
Beggen,Luxembourg,1311
Beggen,Luxembourg,1312
Beggen,Luxembourg,1313
Beggen,Luxembourg,1314
Beggen,Luxembourg,1315
Beggen,Luxembourg,1316
Beggen,Luxembourg,1317
Beggen,Luxembourg,1318
Beggen,Luxembourg,1319
Beggen,Luxembourg,1320
Beggen,Luxembourg,1321
Beggen,Luxembourg,1322
Beggen,Luxembourg,1323
Beggen,Luxembourg,1324
Beggen,Luxembourg,1325
Beggen,Luxembourg,1326
Beggen,Luxembourg,1327
Beggen,Luxembourg,1328
Beggen,Luxembourg,1329
Beggen,Luxembourg,1330
Beggen,Luxembourg,1331
Beggen,Luxembourg,1332
Beggen,Luxembourg,1333
Beggen,Luxembourg,1334
Beggen,Luxembourg,1335
Beggen,Luxembourg,1336
Beggen,Luxembourg,1337
Beggen,Luxembourg,1338
Beggen,Luxembourg,1340
Beggen,Luxembourg,1341
Beggen,Luxembourg,1342
Beggen,Luxembourg,1343
Beggen,Luxembourg,1344
Beggen,Luxembourg,1345
Beggen,Luxembourg,1346
Beggen,Luxembourg,1347
Beggen,Luxembourg,1348
Beggen,Luxembourg,1349
Beggen,Luxembourg,1351
Beggen,Luxembourg,1352
Beggen,Luxembourg,1354
Beggen,Luxembourg,1355
Beggen,Luxembourg,1356
Beggen,Luxembourg,1357
Beggen,Luxembourg,1358
Beggen,Luxembourg,1359
Beggen,Luxembourg,1361
Beggen,Luxembourg,1362
Beggen,Luxembourg,1364
Beggen,Luxembourg,1365
Beggen,Luxembourg,1366
Beggen,Luxembourg,1367
Beggen,Luxembourg,1368
Beggen,Luxembourg,1369
Beggen,Luxembourg,1370
Beggen,Luxembourg,1371
Beggen,Luxembourg,1372
Beggen,Luxembourg,1374
Beggen,Luxembourg,1375
Beggen,Luxembourg,1409
Beggen,Luxembourg,1411
Beggen,Luxembourg,1412
Beggen,Luxembourg,1413
Beggen,Luxembourg,1414
Beggen,Luxembourg,1415
Beggen,Luxembourg,1416
Beggen,Luxembourg,1417
Beggen,Luxembourg,1418
Beggen,Luxembourg,1419
Beggen,Luxembourg,1420
Beggen,Luxembourg,1421
Beggen,Luxembourg,1424
Beggen,Luxembourg,1425
Beggen,Luxembourg,1426
Beggen,Luxembourg,1427
Beggen,Luxembourg,1428
Beggen,Luxembourg,1429
Beggen,Luxembourg,1430
Beggen,Luxembourg,1431
Beggen,Luxembourg,1432
Beggen,Luxembourg,1433
Beggen,Luxembourg,1434
Beggen,Luxembourg,1449
Beggen,Luxembourg,1450
Beggen,Luxembourg,1451
Beggen,Luxembourg,1452
Beggen,Luxembourg,1453
Beggen,Luxembourg,1454
Beggen,Luxembourg,1456
Beggen,Luxembourg,1457
Beggen,Luxembourg,1458
Beggen,Luxembourg,1459
Beggen,Luxembourg,1460
Beggen,Luxembourg,1461
Beggen,Luxembourg,1462
Beggen,Luxembourg,1463
Beggen,Luxembourg,1464
Beggen,Luxembourg,1465
Beggen,Luxembourg,1466
Beggen,Luxembourg,1468
Beggen,Luxembourg,1469
Beggen,Luxembourg,1470
Beggen,Luxembourg,1471
Beggen,Luxembourg,1472
Beggen,Luxembourg,1473
Beggen,Luxembourg,1474
Beggen,Luxembourg,1475
Beggen,Luxembourg,1476
Beggen,Luxembourg,1477
Beggen,Luxembourg,1478
Beggen,Luxembourg,1479
Beggen,Luxembourg,1480
Beggen,Luxembourg,1481
Beggen,Luxembourg,1482
Beggen,Luxembourg,1484
Beggen,Luxembourg,1490
Beggen,Luxembourg,1499
Beggen,Luxembourg,1509
Beggen,Luxembourg,1510
Beggen,Luxembourg,1511
Beggen,Luxembourg,1512
Beggen,Luxembourg,1513
Beggen,Luxembourg,1514
Beggen,Luxembourg,1515
Beggen,Luxembourg,1517
Beggen,Luxembourg,1518
Beggen,Luxembourg,1519
Beggen,Luxembourg,1520
Beggen,Luxembourg,1521
Beggen,Luxembourg,1522
Beggen,Luxembourg,1524
Beggen,Luxembourg,1525
Beggen,Luxembourg,1526
Beggen,Luxembourg,1527
Beggen,Luxembourg,1528
Beggen,Luxembourg,1529
Beggen,Luxembourg,1530
Beggen,Luxembourg,1531
Beggen,Luxembourg,1532
Beggen,Luxembourg,1533
Beggen,Luxembourg,1534
Beggen,Luxembourg,1535
Beggen,Luxembourg,1536
Beggen,Luxembourg,1537
Beggen,Luxembourg,1539
Beggen,Luxembourg,1540
Beggen,Luxembourg,1541
Beggen,Luxembourg,1542
Beggen,Luxembourg,1543
Beggen,Luxembourg,1544
Beggen,Luxembourg,1545
Beggen,Luxembourg,1546
Beggen,Luxembourg,1547
Beggen,Luxembourg,1548
Beggen,Luxembourg,1549
Beggen,Luxembourg,1550
Beggen,Luxembourg,1552
Beggen,Luxembourg,1610
Beggen,Luxembourg,1611
Beggen,Luxembourg,1613
Beggen,Luxembourg,1615
Beggen,Luxembourg,1616
Beggen,Luxembourg,1617
Beggen,Luxembourg,1618
Beggen,Luxembourg,1619
Beggen,Luxembourg,1620
Beggen,Luxembourg,1621
Beggen,Luxembourg,1622
Beggen,Luxembourg,1623
Beggen,Luxembourg,1624
Beggen,Luxembourg,1626
Beggen,Luxembourg,1627
Beggen,Luxembourg,1628
Beggen,Luxembourg,1629
Beggen,Luxembourg,1630
Beggen,Luxembourg,1631
Beggen,Luxembourg,1632
Beggen,Luxembourg,1633
Beggen,Luxembourg,1634
Beggen,Luxembourg,1635
Beggen,Luxembourg,1636
Beggen,Luxembourg,1637
Beggen,Luxembourg,1639
Beggen,Luxembourg,1640
Beggen,Luxembourg,1641
Beggen,Luxembourg,1642
Beggen,Luxembourg,1643
Beggen,Luxembourg,1644
Beggen,Luxembourg,1645
Beggen,Luxembourg,1647
Beggen,Luxembourg,1648
Beggen,Luxembourg,1649
Beggen,Luxembourg,1650
Beggen,Luxembourg,1651
Beggen,Luxembourg,1652
Beggen,Luxembourg,1653
Beggen,Luxembourg,1654
Beggen,Luxembourg,1655
Beggen,Luxembourg,1660
Beggen,Luxembourg,1661
Beggen,Luxembourg,1710
Beggen,Luxembourg,1711
Beggen,Luxembourg,1712
Beggen,Luxembourg,1713
Beggen,Luxembourg,1714
Beggen,Luxembourg,1716
Beggen,Luxembourg,1717
Beggen,Luxembourg,1718
Beggen,Luxembourg,1719
Beggen,Luxembourg,1720
Beggen,Luxembourg,1721
Beggen,Luxembourg,1722
Beggen,Luxembourg,1723
Beggen,Luxembourg,1724
Beggen,Luxembourg,1725
Beggen,Luxembourg,1726
Beggen,Luxembourg,1727
Beggen,Luxembourg,1728
Beggen,Luxembourg,1729
Beggen,Luxembourg,1730
Beggen,Luxembourg,1731
Beggen,Luxembourg,1732
Beggen,Luxembourg,1733
Beggen,Luxembourg,1734
Beggen,Luxembourg,1735
Beggen,Luxembourg,1737
Beggen,Luxembourg,1738
Beggen,Luxembourg,1739
Beggen,Luxembourg,1740
Beggen,Luxembourg,1741
Beggen,Luxembourg,1742
Beggen,Luxembourg,1743
Beggen,Luxembourg,1744
Beggen,Luxembourg,1745
Beggen,Luxembourg,1746
Beggen,Luxembourg,1747
Beggen,Luxembourg,1750
Beggen,Luxembourg,1753
Beggen,Luxembourg,1754
Beggen,Luxembourg,1811
Beggen,Luxembourg,1812
Beggen,Luxembourg,1814
Beggen,Luxembourg,1815
Beggen,Luxembourg,1817
Beggen,Luxembourg,1820
Beggen,Luxembourg,1821
Beggen,Luxembourg,1822
Beggen,Luxembourg,1831
Beggen,Luxembourg,1832
Beggen,Luxembourg,1833
Beggen,Luxembourg,1834
Beggen,Luxembourg,1835
Beggen,Luxembourg,1836
Beggen,Luxembourg,1837
Beggen,Luxembourg,1838
Beggen,Luxembourg,1839
Beggen,Luxembourg,1840
Beggen,Luxembourg,1841
Beggen,Luxembourg,1845
Beggen,Luxembourg,1850
Beggen,Luxembourg,1851
Beggen,Luxembourg,1852
Beggen,Luxembourg,1853
Beggen,Luxembourg,1854
Beggen,Luxembourg,1855
Beggen,Luxembourg,1856
Beggen,Luxembourg,1857
Beggen,Luxembourg,1858
Beggen,Luxembourg,1859
Beggen,Luxembourg,1860
Beggen,Luxembourg,1861
Beggen,Luxembourg,1862
Beggen,Luxembourg,1863
Beggen,Luxembourg,1864
Beggen,Luxembourg,1865
Beggen,Luxembourg,1866
Beggen,Luxembourg,1868
Beggen,Luxembourg,1870
Beggen,Luxembourg,1871
Beggen,Luxembourg,1872
Beggen,Luxembourg,1873
Beggen,Luxembourg,1880
Beggen,Luxembourg,1881
Beggen,Luxembourg,1882
Beggen,Luxembourg,1899
Beggen,Luxembourg,1910
Beggen,Luxembourg,1911
Beggen,Luxembourg,1912
Beggen,Luxembourg,1913
Beggen,Luxembourg,1914
Beggen,Luxembourg,1915
Beggen,Luxembourg,1916
Beggen,Luxembourg,1917
Beggen,Luxembourg,1918
Beggen,Luxembourg,1919
Beggen,Luxembourg,1920
Beggen,Luxembourg,1922
Beggen,Luxembourg,1923
Beggen,Luxembourg,1924
Beggen,Luxembourg,1925
Beggen,Luxembourg,1926
Beggen,Luxembourg,1927
Beggen,Luxembourg,1928
Beggen,Luxembourg,1929
Beggen,Luxembourg,1930
Beggen,Luxembourg,1931
Beggen,Luxembourg,1932
Beggen,Luxembourg,1933
Beggen,Luxembourg,1934
Beggen,Luxembourg,1935
Beggen,Luxembourg,1937
Beggen,Luxembourg,1938
Beggen,Luxembourg,1939
Beggen,Luxembourg,1940
Beggen,Luxembourg,1941
Beggen,Luxembourg,1943
Beggen,Luxembourg,1944
Beggen,Luxembourg,1945
Beggen,Luxembourg,1946
Beggen,Luxembourg,1947
Beggen,Luxembourg,1948
Beggen,Luxembourg,1950
Beggen,Luxembourg,1951
Beggen,Luxembourg,1952
Beggen,Luxembourg,1953
Beggen,Luxembourg,1954
Beggen,Luxembourg,2111
Beggen,Luxembourg,2113
Beggen,Luxembourg,2114
Beggen,Luxembourg,2115
Beggen,Luxembourg,2116
Beggen,Luxembourg,2117
Beggen,Luxembourg,2118
Beggen,Luxembourg,2119
Beggen,Luxembourg,2120
Beggen,Luxembourg,2121
Beggen,Luxembourg,2122
Beggen,Luxembourg,2123
Beggen,Luxembourg,2124
Beggen,Luxembourg,2125
Beggen,Luxembourg,2127
Beggen,Luxembourg,2128
Beggen,Luxembourg,2130
Beggen,Luxembourg,2131
Beggen,Luxembourg,2132
Beggen,Luxembourg,2133
Beggen,Luxembourg,2134
Beggen,Luxembourg,2135
Beggen,Luxembourg,2137
Beggen,Luxembourg,2138
Beggen,Luxembourg,2139
Beggen,Luxembourg,2140
Beggen,Luxembourg,2141
Beggen,Luxembourg,2142
Beggen,Luxembourg,2143
Beggen,Luxembourg,2144
Beggen,Luxembourg,2145
Beggen,Luxembourg,2146
Beggen,Luxembourg,2148
Beggen,Luxembourg,2149
Beggen,Luxembourg,2150
Beggen,Luxembourg,2151
Beggen,Luxembourg,2152
Beggen,Luxembourg,2153
Beggen,Luxembourg,2154
Beggen,Luxembourg,2155
Beggen,Luxembourg,2156
Beggen,Luxembourg,2157
Beggen,Luxembourg,2158
Beggen,Luxembourg,2159
Beggen,Luxembourg,2160
Beggen,Luxembourg,2161
Beggen,Luxembourg,2162
Beggen,Luxembourg,2163
Beggen,Luxembourg,2164
Beggen,Luxembourg,2165
Beggen,Luxembourg,2166
Beggen,Luxembourg,2167
Beggen,Luxembourg,2168
Beggen,Luxembourg,2169
Beggen,Luxembourg,2171
Beggen,Luxembourg,2172
Beggen,Luxembourg,2173
Beggen,Luxembourg,2174
Beggen,Luxembourg,2175
Beggen,Luxembourg,2176
Beggen,Luxembourg,2177
Beggen,Luxembourg,2178
Beggen,Luxembourg,2179
Beggen,Luxembourg,2180
Beggen,Luxembourg,2181
Beggen,Luxembourg,2182
Beggen,Luxembourg,2184
Beggen,Luxembourg,2210
Beggen,Luxembourg,2211
Beggen,Luxembourg,2212
Beggen,Luxembourg,2213
Beggen,Luxembourg,2214
Beggen,Luxembourg,2215
Beggen,Luxembourg,2220
Beggen,Luxembourg,2221
Beggen,Luxembourg,2222
Beggen,Luxembourg,2223
Beggen,Luxembourg,2224
Beggen,Luxembourg,2225
Beggen,Luxembourg,2226
Beggen,Luxembourg,2227
Beggen,Luxembourg,2228
Beggen,Luxembourg,2229
Beggen,Luxembourg,2230
Beggen,Luxembourg,2231
Beggen,Luxembourg,2232
Beggen,Luxembourg,2233
Beggen,Luxembourg,2240
Beggen,Luxembourg,2241
Beggen,Luxembourg,2242
Beggen,Luxembourg,2243
Beggen,Luxembourg,2261
Beggen,Luxembourg,2262
Beggen,Luxembourg,2263
Beggen,Luxembourg,2265
Beggen,Luxembourg,2266
Beggen,Luxembourg,2267
Beggen,Luxembourg,2268
Beggen,Luxembourg,2269
Beggen,Luxembourg,2270
Beggen,Luxembourg,2271
Beggen,Luxembourg,2273
Beggen,Luxembourg,2308
Beggen,Luxembourg,2309
Beggen,Luxembourg,2310
Beggen,Luxembourg,2311
Beggen,Luxembourg,2312
Beggen,Luxembourg,2313
Beggen,Luxembourg,2314
Beggen,Luxembourg,2316
Beggen,Luxembourg,2320
Beggen,Luxembourg,2322
Beggen,Luxembourg,2323
Beggen,Luxembourg,2324
Beggen,Luxembourg,2326
Beggen,Luxembourg,2327
Beggen,Luxembourg,2328
Beggen,Luxembourg,2330
Beggen,Luxembourg,2331
Beggen,Luxembourg,2332
Beggen,Luxembourg,2333
Beggen,Luxembourg,2334
Beggen,Luxembourg,2335
Beggen,Luxembourg,2336
Beggen,Luxembourg,2337
Beggen,Luxembourg,2338
Beggen,Luxembourg,2339
Beggen,Luxembourg,2340
Beggen,Luxembourg,2341
Beggen,Luxembourg,2342
Beggen,Luxembourg,2343
Beggen,Luxembourg,2344
Beggen,Luxembourg,2345
Beggen,Luxembourg,2346
Beggen,Luxembourg,2347
Beggen,Luxembourg,2348
Beggen,Luxembourg,2349
Beggen,Luxembourg,2350
Beggen,Luxembourg,2351
Beggen,Luxembourg,2352
Beggen,Luxembourg,2353
Beggen,Luxembourg,2354
Beggen,Luxembourg,2355
Beggen,Luxembourg,2356
Beggen,Luxembourg,2358
Beggen,Luxembourg,2359
Beggen,Luxembourg,2360
Beggen,Luxembourg,2380
Beggen,Luxembourg,2381
Beggen,Luxembourg,2410
Beggen,Luxembourg,2411
Beggen,Luxembourg,2412
Beggen,Luxembourg,2413
Beggen,Luxembourg,2414
Beggen,Luxembourg,2417
Beggen,Luxembourg,2418
Beggen,Luxembourg,2419
Beggen,Luxembourg,2420
Beggen,Luxembourg,2422
Beggen,Luxembourg,2423
Beggen,Luxembourg,2424
Beggen,Luxembourg,2426
Beggen,Luxembourg,2427
Beggen,Luxembourg,2428
Beggen,Luxembourg,2429
Beggen,Luxembourg,2430
Beggen,Luxembourg,2431
Beggen,Luxembourg,2432
Beggen,Luxembourg,2433
Beggen,Luxembourg,2435
Beggen,Luxembourg,2440
Beggen,Luxembourg,2441
Beggen,Luxembourg,2442
Beggen,Luxembourg,2444
Beggen,Luxembourg,2445
Beggen,Luxembourg,2447
Beggen,Luxembourg,2448
Beggen,Luxembourg,2449
Beggen,Luxembourg,2450
Beggen,Luxembourg,2451
Beggen,Luxembourg,2452
Beggen,Luxembourg,2453
Beggen,Luxembourg,2511
Beggen,Luxembourg,2512
Beggen,Luxembourg,2514
Beggen,Luxembourg,2515
Beggen,Luxembourg,2516
Beggen,Luxembourg,2517
Beggen,Luxembourg,2518
Beggen,Luxembourg,2519
Beggen,Luxembourg,2520
Beggen,Luxembourg,2521
Beggen,Luxembourg,2522
Beggen,Luxembourg,2523
Beggen,Luxembourg,2525
Beggen,Luxembourg,2526
Beggen,Luxembourg,2527
Beggen,Luxembourg,2528
Beggen,Luxembourg,2530
Beggen,Luxembourg,2531
Beggen,Luxembourg,2533
Beggen,Luxembourg,2534
Beggen,Luxembourg,2535
Beggen,Luxembourg,2536
Beggen,Luxembourg,2537
Beggen,Luxembourg,2538
Beggen,Luxembourg,2539
Beggen,Luxembourg,2540
Beggen,Luxembourg,2541
Beggen,Luxembourg,2542
Beggen,Luxembourg,2543
Beggen,Luxembourg,2544
Beggen,Luxembourg,2546
Beggen,Luxembourg,2547
Beggen,Luxembourg,2548
Beggen,Luxembourg,2549
Beggen,Luxembourg,2550
Beggen,Luxembourg,2551
Beggen,Luxembourg,2552
Beggen,Luxembourg,2553
Beggen,Luxembourg,2554
Beggen,Luxembourg,2555
Beggen,Luxembourg,2556
Beggen,Luxembourg,2557
Beggen,Luxembourg,2558
Beggen,Luxembourg,2559
Beggen,Luxembourg,2560
Beggen,Luxembourg,2561
Beggen,Luxembourg,2562
Beggen,Luxembourg,2563
Beggen,Luxembourg,2564
Beggen,Luxembourg,2565
Beggen,Luxembourg,2566
Beggen,Luxembourg,2567
Beggen,Luxembourg,2607
Beggen,Luxembourg,2609
Beggen,Luxembourg,2610
Beggen,Luxembourg,2611
Beggen,Luxembourg,2612
Beggen,Luxembourg,2613
Beggen,Luxembourg,2614
Beggen,Luxembourg,2615
Beggen,Luxembourg,2616
Beggen,Luxembourg,2617
Beggen,Luxembourg,2619
Beggen,Luxembourg,2620
Beggen,Luxembourg,2621
Beggen,Luxembourg,2622
Beggen,Luxembourg,2623
Beggen,Luxembourg,2624
Beggen,Luxembourg,2625
Beggen,Luxembourg,2626
Beggen,Luxembourg,2627
Beggen,Luxembourg,2628
Beggen,Luxembourg,2629
Beggen,Luxembourg,2630
Beggen,Luxembourg,2631
Beggen,Luxembourg,2634
Beggen,Luxembourg,2635
Beggen,Luxembourg,2636
Beggen,Luxembourg,2637
Beggen,Luxembourg,2651
Beggen,Luxembourg,2652
Beggen,Luxembourg,2661
Beggen,Luxembourg,2662
Beggen,Luxembourg,2663
Beggen,Luxembourg,2664
Beggen,Luxembourg,2665
Beggen,Luxembourg,2666
Beggen,Luxembourg,2667
Beggen,Luxembourg,2668
Beggen,Luxembourg,2670
Beggen,Luxembourg,2671
Beggen,Luxembourg,2672
Beggen,Luxembourg,2674
Beggen,Luxembourg,2680
Beggen,Luxembourg,2681
Beggen,Luxembourg,2711
Beggen,Luxembourg,2713
Beggen,Luxembourg,2714
Beggen,Luxembourg,2715
Beggen,Luxembourg,2716
Beggen,Luxembourg,2717
Beggen,Luxembourg,2718
Beggen,Luxembourg,2719
Beggen,Luxembourg,2720
Beggen,Luxembourg,2721
Beggen,Luxembourg,2722
Beggen,Luxembourg,2724
Beggen,Luxembourg,2725
Beggen,Luxembourg,2726
Beggen,Luxembourg,2728
Beggen,Luxembourg,2729
Beggen,Luxembourg,2730
Beggen,Luxembourg,2731
Beggen,Luxembourg,2732
Beggen,Luxembourg,2733
Beggen,Luxembourg,2734
Beggen,Luxembourg,2736
Beggen,Luxembourg,2737
Beggen,Luxembourg,2738
Beggen,Luxembourg,2739
Beggen,Luxembourg,2740
Beggen,Luxembourg,2741
Beggen,Luxembourg,2761
Beggen,Luxembourg,2762
Beggen,Luxembourg,2763
Beggen,Luxembourg,2764
Beggen,Roedgen,3392
Beggen,Roedgen,3393
Beggen,Senningerberg,2633
Beggen,Strassen,1019
Beggen,Strassen,1210
Beggen,Strassen,1370
Beggen,Strassen,1445
Beggen,Strassen,1483
Beggen,Strassen,1512
Beggen,Strassen,1525
Beggen,Strassen,2361
Beggen,Strassen,2409
Beggen,Strassen,2410
Beggen,Strassen,2510
Beggen,Strassen,8008
Beggen,Strassen,8009
Beggen,Strassen,8010
Beggen,Strassen,8011
Beggen,Strassen,8012
Beggen,Strassen,8013
Beggen,Strassen,8014
Beggen,Strassen,8015
Beggen,Strassen,8016
Beggen,Strassen,8017
Beggen,Strassen,8018
Beggen,Strassen,8019
Beggen,Strassen,8020
Beggen,Strassen,8021
Beggen,Strassen,8022
Beggen,Strassen,8023
Beggen,Strassen,8024
Beggen,Strassen,8025
Beggen,Strassen,8026
Beggen,Strassen,8027
Beggen,Strassen,8028
Beggen,Strassen,8029
Beggen,Strassen,8030
Beggen,Strassen,8031
Beggen,Strassen,8032
Beggen,Strassen,8033
Beggen,Strassen,8034
Beggen,Strassen,8035
Beggen,Strassen,8036
Beggen,Strassen,8037
Beggen,Strassen,8038
Beggen,Strassen,8039
Beggen,Strassen,8040
Beggen,Strassen,8041
Beggen,Strassen,8042
Beggen,Strassen,8043
Beggen,Strassen,8044
Beggen,Strassen,8045
Beggen,Strassen,8046
Beggen,Strassen,8047
Beggen,Strassen,8048
Beggen,Strassen,8049
Beggen,Strassen,8056
Beggen,Strassen,8069
Beggen,Strassen,8070
Beggen,Strassen,8097
Beggen,Strassen,8098
Beggen,Strassen,8099
Beggen,Strassen,8110
Beggen,Strassen,8111
Beggen,Strassen,8112
Beggen,Strassen,8115
Beggen,Strassen,8130
Beggen,Strassen,8251
Bettembourg,Abweiler,3311
Bettembourg,Berchem,3320
Bettembourg,Berchem,3321
Bettembourg,Berchem,3325
Bettembourg,Bettembourg,3209
Bettembourg,Bettembourg,3210
Bettembourg,Bettembourg,3211
Bettembourg,Bettembourg,3212
Bettembourg,Bettembourg,3213
Bettembourg,Bettembourg,3214
Bettembourg,Bettembourg,3215
Bettembourg,Bettembourg,3216
Bettembourg,Bettembourg,3217
Bettembourg,Bettembourg,3218
Bettembourg,Bettembourg,3219
Bettembourg,Bettembourg,3220
Bettembourg,Bettembourg,3221
Bettembourg,Bettembourg,3222
Bettembourg,Bettembourg,3223
Bettembourg,Bettembourg,3224
Bettembourg,Bettembourg,3225
Bettembourg,Bettembourg,3229
Bettembourg,Bettembourg,3230
Bettembourg,Bettembourg,3231
Bettembourg,Bettembourg,3232
Bettembourg,Bettembourg,3233
Bettembourg,Bettembourg,3234
Bettembourg,Bettembourg,3235
Bettembourg,Bettembourg,3236
Bettembourg,Bettembourg,3237
Bettembourg,Bettembourg,3238
Bettembourg,Bettembourg,3239
Bettembourg,Bettembourg,3240
Bettembourg,Bettembourg,3241
Bettembourg,Bettembourg,3242
Bettembourg,Bettembourg,3243
Bettembourg,Bettembourg,3249
Bettembourg,Bettembourg,3250
Bettembourg,Bettembourg,3251
Bettembourg,Bettembourg,3252
Bettembourg,Bettembourg,3253
Bettembourg,Bettembourg,3254
Bettembourg,Bettembourg,3255
Bettembourg,Bettembourg,3256
Bettembourg,Bettembourg,3257
Bettembourg,Bettembourg,3258
Bettembourg,Bettembourg,3259
Bettembourg,Bettembourg,3260
Bettembourg,Bettembourg,3261
Bettembourg,Bettembourg,3265
Bettembourg,Bettembourg,3266
Bettembourg,Bettembourg,3267
Bettembourg,Bettembourg,3269
Bettembourg,Bettembourg,3270
Bettembourg,Bettembourg,3271
Bettembourg,Bettembourg,3272
Bettembourg,Bettembourg,3273
Bettembourg,Bettembourg,3274
Bettembourg,Bettembourg,3275
Bettembourg,Bettembourg,3276
Bettembourg,Bettembourg,3277
Bettembourg,Bettembourg,3278
Bettembourg,Bettembourg,3279
Bettembourg,Bettembourg,3280
Bettembourg,Bettembourg,3281
Bettembourg,Bettembourg,3282
Bettembourg,Bettembourg,3283
Bettembourg,Bettembourg,3284
Bettembourg,Bettembourg,3285
Bettembourg,Bettembourg,3286
Bettembourg,Bettembourg,3287
Bettembourg,Bettembourg,3288
Bettembourg,Bettembourg,3290
Bettembourg,Bivange,3320
Bettembourg,Bivange,3322
Bettembourg,Bivange,3323
Bettembourg,Bivange,3324
Bettembourg,Crauthem,3326
Bettembourg,Crauthem,3327
Bettembourg,Crauthem,3328
Bettembourg,Crauthem,3329
Bettembourg,Crauthem,3330
Bettembourg,Dudelange,3409
Bettembourg,Dudelange,3410
Bettembourg,Dudelange,3411
Bettembourg,Dudelange,3412
Bettembourg,Dudelange,3413
Bettembourg,Dudelange,3414
Bettembourg,Dudelange,3415
Bettembourg,Dudelange,3416
Bettembourg,Dudelange,3417
Bettembourg,Dudelange,3418
Bettembourg,Dudelange,3419
Bettembourg,Dudelange,3420
Bettembourg,Dudelange,3421
Bettembourg,Dudelange,3422
Bettembourg,Dudelange,3423
Bettembourg,Dudelange,3424
Bettembourg,Dudelange,3425
Bettembourg,Dudelange,3426
Bettembourg,Dudelange,3427
Bettembourg,Dudelange,3428
Bettembourg,Dudelange,3429
Bettembourg,Dudelange,3430
Bettembourg,Dudelange,3431
Bettembourg,Dudelange,3432
Bettembourg,Dudelange,3433
Bettembourg,Dudelange,3435
Bettembourg,Dudelange,3436
Bettembourg,Dudelange,3439
Bettembourg,Dudelange,3440
Bettembourg,Dudelange,3441
Bettembourg,Dudelange,3442
Bettembourg,Dudelange,3443
Bettembourg,Dudelange,3444
Bettembourg,Dudelange,3445
Bettembourg,Dudelange,3446
Bettembourg,Dudelange,3447
Bettembourg,Dudelange,3448
Bettembourg,Dudelange,3449
Bettembourg,Dudelange,3450
Bettembourg,Dudelange,3453
Bettembourg,Dudelange,3454
Bettembourg,Dudelange,3460
Bettembourg,Dudelange,3461
Bettembourg,Dudelange,3462
Bettembourg,Dudelange,3463
Bettembourg,Dudelange,3464
Bettembourg,Dudelange,3465
Bettembourg,Dudelange,3466
Bettembourg,Dudelange,3467
Bettembourg,Dudelange,3468
Bettembourg,Dudelange,3469
Bettembourg,Dudelange,3470
Bettembourg,Dudelange,3471
Bettembourg,Dudelange,3472
Bettembourg,Dudelange,3473
Bettembourg,Dudelange,3474
Bettembourg,Dudelange,3475
Bettembourg,Dudelange,3476
Bettembourg,Dudelange,3480
Bettembourg,Dudelange,3481
Bettembourg,Dudelange,3482
Bettembourg,Dudelange,3483
Bettembourg,Dudelange,3484
Bettembourg,Dudelange,3485
Bettembourg,Dudelange,3486
Bettembourg,Dudelange,3487
Bettembourg,Dudelange,3488
Bettembourg,Dudelange,3489
Bettembourg,Dudelange,3490
Bettembourg,Dudelange,3491
Bettembourg,Dudelange,3492
Bettembourg,Dudelange,3493
Bettembourg,Dudelange,3501
Bettembourg,Dudelange,3502
Bettembourg,Dudelange,3503
Bettembourg,Dudelange,3504
Bettembourg,Dudelange,3505
Bettembourg,Dudelange,3506
Bettembourg,Dudelange,3507
Bettembourg,Dudelange,3508
Bettembourg,Dudelange,3509
Bettembourg,Dudelange,3510
Bettembourg,Dudelange,3511
Bettembourg,Dudelange,3512
Bettembourg,Dudelange,3513
Bettembourg,Dudelange,3514
Bettembourg,Dudelange,3515
Bettembourg,Dudelange,3516
Bettembourg,Dudelange,3517
Bettembourg,Dudelange,3520
Bettembourg,Dudelange,3521
Bettembourg,Dudelange,3522
Bettembourg,Dudelange,3523
Bettembourg,Dudelange,3524
Bettembourg,Dudelange,3525
Bettembourg,Dudelange,3526
Bettembourg,Dudelange,3529
Bettembourg,Dudelange,3530
Bettembourg,Dudelange,3531
Bettembourg,Dudelange,3532
Bettembourg,Dudelange,3539
Bettembourg,Dudelange,3540
Bettembourg,Dudelange,3541
Bettembourg,Dudelange,3542
Bettembourg,Dudelange,3543
Bettembourg,Dudelange,3544
Bettembourg,Dudelange,3545
Bettembourg,Dudelange,3546
Bettembourg,Dudelange,3547
Bettembourg,Dudelange,3548
Bettembourg,Dudelange,3549
Bettembourg,Dudelange,3550
Bettembourg,Dudelange,3552
Bettembourg,Dudelange,3553
Bettembourg,Dudelange,3554
Bettembourg,Dudelange,3555
Bettembourg,Dudelange,3560
Bettembourg,Dudelange,3561
Bettembourg,Dudelange,3562
Bettembourg,Dudelange,3563
Bettembourg,Dudelange,3564
Bettembourg,Dudelange,3565
Bettembourg,Dudelange,3566
Bettembourg,Dudelange,3567
Bettembourg,Dudelange,3568
Bettembourg,Dudelange,3569
Bettembourg,Dudelange,3570
Bettembourg,Dudelange,3572
Bettembourg,Dudelange,3573
Bettembourg,Dudelange,3574
Bettembourg,Dudelange,3575
Bettembourg,Dudelange,3576
Bettembourg,Dudelange,3582
Bettembourg,Dudelange,3583
Bettembourg,Dudelange,3584
Bettembourg,Dudelange,3588
Bettembourg,Dudelange,3589
Bettembourg,Dudelange,3590
Bettembourg,Dudelange,3591
Bettembourg,Dudelange,3592
Bettembourg,Dudelange,3593
Bettembourg,Dudelange,3594
Bettembourg,Dudelange,3595
Bettembourg,Dudelange,3596
Bettembourg,Dudelange,3597
Bettembourg,Dudelange,3598
Bettembourg,Fennange,3332
Bettembourg,Fennange,3340
Bettembourg,Huncherange,3340
Bettembourg,Huncherange,3341
Bettembourg,Kayl,3611
Bettembourg,Kayl,3612
Bettembourg,Kayl,3614
Bettembourg,Kayl,3615
Bettembourg,Kayl,3616
Bettembourg,Kayl,3617
Bettembourg,Kayl,3620
Bettembourg,Kayl,3621
Bettembourg,Kayl,3622
Bettembourg,Kayl,3630
Bettembourg,Kayl,3631
Bettembourg,Kayl,3635
Bettembourg,Kayl,3636
Bettembourg,Kayl,3637
Bettembourg,Kayl,3638
Bettembourg,Kayl,3640
Bettembourg,Kayl,3641
Bettembourg,Kayl,3642
Bettembourg,Kayl,3643
Bettembourg,Kayl,3644
Bettembourg,Kayl,3650
Bettembourg,Kayl,3651
Bettembourg,Kayl,3652
Bettembourg,Kayl,3653
Bettembourg,Kayl,3654
Bettembourg,Kayl,3655
Bettembourg,Kayl,3656
Bettembourg,Kayl,3657
Bettembourg,Kayl,3658
Bettembourg,Kayl,3660
Bettembourg,Kayl,3670
Bettembourg,Kayl,3671
Bettembourg,Kayl,3672
Bettembourg,Kayl,3673
Bettembourg,Kayl,3674
Bettembourg,Kayl,3675
Bettembourg,Kayl,3676
Bettembourg,Kayl,3677
Bettembourg,Kayl,3678
Bettembourg,Kayl,3679
Bettembourg,Kayl,3680
Bettembourg,Kayl,3681
Bettembourg,Kayl,3682
Bettembourg,Kayl,3781
Bettembourg,Kockelscheuer,1896
Bettembourg,Kockelscheuer,1897
Bettembourg,Kockelscheuer,1898
Bettembourg,Kockelscheuer,1899
Bettembourg,Livange,3378
Bettembourg,Livange,3381
Bettembourg,Noertzange,3380
Bettembourg,Noertzange,3382
Bettembourg,Noertzange,3383
Bettembourg,Noertzange,3384
Bettembourg,Noertzange,3385
Bettembourg,Noertzange,3386
Bettembourg,Peppange,3389
Bettembourg,Peppange,3390
Bettembourg,Peppange,3391
Bettembourg,Roeser,3394
Bettembourg,Roeser,3395
Bettembourg,Roeser,3396
Bettembourg,Roeser,3397
Bettembourg,Roeser,3398
Bettembourg,Rumelange,3710
Bettembourg,Rumelange,3711
Bettembourg,Rumelange,3712
Bettembourg,Rumelange,3713
Bettembourg,Rumelange,3714
Bettembourg,Rumelange,3715
Bettembourg,Rumelange,3716
Bettembourg,Rumelange,3717
Bettembourg,Rumelange,3718
Bettembourg,Rumelange,3719
Bettembourg,Rumelange,3720
Bettembourg,Rumelange,3721
Bettembourg,Rumelange,3722
Bettembourg,Rumelange,3723
Bettembourg,Rumelange,3724
Bettembourg,Rumelange,3725
Bettembourg,Rumelange,3726
Bettembourg,Rumelange,3727
Bettembourg,Rumelange,3728
Bettembourg,Rumelange,3729
Bettembourg,Rumelange,3730
Bettembourg,Rumelange,3731
Bettembourg,Rumelange,3732
Bettembourg,Rumelange,3733
Bettembourg,Rumelange,3734
Bettembourg,Rumelange,3735
Bettembourg,Rumelange,3736
Bettembourg,Rumelange,3737
Bettembourg,Rumelange,3738
Bettembourg,Rumelange,3739
Bettembourg,Rumelange,3740
Bettembourg,Rumelange,3741
Bettembourg,Rumelange,3742
Bettembourg,Rumelange,3743
Bettembourg,Rumelange,3744
Bettembourg,Rumelange,3750
Bettembourg,Rumelange,3751
Bettembourg,Rumelange,3752
Bettembourg,Rumelange,3753
Bettembourg,Rumelange,3754
Bettembourg,Rumelange,3755
Bettembourg,Tétange,3761
Bettembourg,Tétange,3762
Bettembourg,Tétange,3763
Bettembourg,Tétange,3764
Bettembourg,Tétange,3765
Bettembourg,Tétange,3766
Bettembourg,Tétange,3767
Bettembourg,Tétange,3768
Bettembourg,Tétange,3770
Bettembourg,Tétange,3771
Bettembourg,Tétange,3772
Bettembourg,Tétange,3773
Bettembourg,Tétange,3774
Bettembourg,Tétange,3775
Bettembourg,Tétange,3776
Bettembourg,Tétange,3780
Bettembourg,Tétange,3781
Bettembourg,Tétange,3782
Bettembourg,Tétange,3784
Bettembourg,Tétange,3786
Bettembourg,Tétange,3787
Bettembourg,Tétange,3788
Bettembourg,Tétange,3789
Bettembourg,Tétange,3790
Bleesbruck,Bastendorf,9350
Bleesbruck,Bastendorf,9351
Bleesbruck,Bastendorf,9359
Bleesbruck,Bettendorf,9352
Bleesbruck,Bettendorf,9353
Bleesbruck,Bettendorf,9354
Bleesbruck,Bettendorf,9355
Bleesbruck,Bettendorf,9356
Bleesbruck,Bettendorf,9357
Bleesbruck,Bettendorf,9359
Bleesbruck,Bissen,7760
Bleesbruck,Bissen,7761
Bleesbruck,Bissen,7762
Bleesbruck,Bissen,7763
Bleesbruck,Bissen,7764
Bleesbruck,Bissen,7765
Bleesbruck,Bissen,7766
Bleesbruck,Bissen,7767
Bleesbruck,Bissen,7768
Bleesbruck,Bissen,7769
Bleesbruck,Bissen,7770
Bleesbruck,Bissen,7771
Bleesbruck,Bissen,7772
Bleesbruck,Bissen,7773
Bleesbruck,Bissen,7774
Bleesbruck,Bissen,7777
Bleesbruck,Bissen,7778
Bleesbruck,Bissen,7779
Bleesbruck,Bissen,7780
Bleesbruck,Bissen,7781
Bleesbruck,Bissen,7782
Bleesbruck,Bissen,7783
Bleesbruck,Bissen,7784
Bleesbruck,Bissen,7785
Bleesbruck,Bissen,7786
Bleesbruck,Bissen,7787
Bleesbruck,Bissen,7788
Bleesbruck,Bissen,7789
Bleesbruck,Bissen,7790
Bleesbruck,Bissen,7791
Bleesbruck,Bissen,7792
Bleesbruck,Bissen,7793
Bleesbruck,Bissen,7794
Bleesbruck,Bissen,7795
Bleesbruck,Bissen,7796
Bleesbruck,Brandenbourg,9360
Bleesbruck,Brandenbourg,9361
Bleesbruck,Brandenbourg,9458
Bleesbruck,Burden,9142
Bleesbruck,Burden,9172
Bleesbruck,Colmar-Berg,7711
Bleesbruck,Colmar-Berg,7712
Bleesbruck,Colmar-Berg,7714
Bleesbruck,Colmar-Berg,7715
Bleesbruck,Colmar-Berg,7716
Bleesbruck,Colmar-Berg,7720
Bleesbruck,Colmar-Berg,7721
Bleesbruck,Colmar-Berg,7722
Bleesbruck,Colmar-Berg,7724
Bleesbruck,Colmar-Berg,7726
Bleesbruck,Colmar-Berg,7727
Bleesbruck,Colmar-Berg,7730
Bleesbruck,Colmar-Berg,7731
Bleesbruck,Colmar-Berg,7732
Bleesbruck,Colmar-Berg,7733
Bleesbruck,Colmar-Berg,7734
Bleesbruck,Colmar-Berg,7735
Bleesbruck,Colmar-Berg,7737
Bleesbruck,Colmar-Berg,7739
Bleesbruck,Colmar-Berg,7740
Bleesbruck,Colmar-Berg,7741
Bleesbruck,Colmar-Pont,7738
Bleesbruck,Cruchten,7420
Bleesbruck,Cruchten,7421
Bleesbruck,Diekirch,9205
Bleesbruck,Diekirch,9206
Bleesbruck,Diekirch,9207
Bleesbruck,Diekirch,9208
Bleesbruck,Diekirch,9209
Bleesbruck,Diekirch,9210
Bleesbruck,Diekirch,9211
Bleesbruck,Diekirch,9212
Bleesbruck,Diekirch,9213
Bleesbruck,Diekirch,9214
Bleesbruck,Diekirch,9215
Bleesbruck,Diekirch,9216
Bleesbruck,Diekirch,9217
Bleesbruck,Diekirch,9218
Bleesbruck,Diekirch,9220
Bleesbruck,Diekirch,9221
Bleesbruck,Diekirch,9224
Bleesbruck,Diekirch,9225
Bleesbruck,Diekirch,9226
Bleesbruck,Diekirch,9227
Bleesbruck,Diekirch,9229
Bleesbruck,Diekirch,9230
Bleesbruck,Diekirch,9231
Bleesbruck,Diekirch,9232
Bleesbruck,Diekirch,9233
Bleesbruck,Diekirch,9234
Bleesbruck,Diekirch,9235
Bleesbruck,Diekirch,9236
Bleesbruck,Diekirch,9237
Bleesbruck,Diekirch,9238
Bleesbruck,Diekirch,9239
Bleesbruck,Diekirch,9240
Bleesbruck,Diekirch,9241
Bleesbruck,Diekirch,9242
Bleesbruck,Diekirch,9243
Bleesbruck,Diekirch,9244
Bleesbruck,Diekirch,9245
Bleesbruck,Diekirch,9250
Bleesbruck,Diekirch,9251
Bleesbruck,Diekirch,9252
Bleesbruck,Diekirch,9253
Bleesbruck,Diekirch,9254
Bleesbruck,Diekirch,9255
Bleesbruck,Diekirch,9256
Bleesbruck,Diekirch,9257
Bleesbruck,Diekirch,9258
Bleesbruck,Diekirch,9259
Bleesbruck,Diekirch,9260
Bleesbruck,Diekirch,9261
Bleesbruck,Diekirch,9262
Bleesbruck,Diekirch,9263
Bleesbruck,Diekirch,9264
Bleesbruck,Diekirch,9265
Bleesbruck,Diekirch,9266
Bleesbruck,Diekirch,9267
Bleesbruck,Diekirch,9268
Bleesbruck,Diekirch,9273
Bleesbruck,Diekirch,9275
Bleesbruck,Diekirch,9276
Bleesbruck,Diekirch,9277
Bleesbruck,Diekirch,9278
Bleesbruck,Diekirch,9279
Bleesbruck,Diekirch,9280
Bleesbruck,Diekirch,9282
Bleesbruck,Diekirch,9283
Bleesbruck,Diekirch,9284
Bleesbruck,Diekirch,9285
Bleesbruck,Diekirch,9286
Bleesbruck,Diekirch,9287
Bleesbruck,Diekirch,9288
Bleesbruck,Diekirch,9289
Bleesbruck,Diekirch,9290
Bleesbruck,Diekirch,9291
Bleesbruck,Diekirch,9292
Bleesbruck,Diekirch,9293
Bleesbruck,Diekirch,9294
Bleesbruck,Diekirch,9370
Bleesbruck,Diekirch,9379
Bleesbruck,Erpeldange-sur-Sûre,9145
Bleesbruck,Erpeldange-sur-Sûre,9146
Bleesbruck,Erpeldange-sur-Sûre,9147
Bleesbruck,Erpeldange-sur-Sûre,9148
Bleesbruck,Erpeldange-sur-Sûre,9172
Bleesbruck,Erpeldange-sur-Sûre,9378
Bleesbruck,Ettelbruck,9010
Bleesbruck,Ettelbruck,9011
Bleesbruck,Ettelbruck,9012
Bleesbruck,Ettelbruck,9013
Bleesbruck,Ettelbruck,9014
Bleesbruck,Ettelbruck,9015
Bleesbruck,Ettelbruck,9016
Bleesbruck,Ettelbruck,9017
Bleesbruck,Ettelbruck,9020
Bleesbruck,Ettelbruck,9021
Bleesbruck,Ettelbruck,9022
Bleesbruck,Ettelbruck,9023
Bleesbruck,Ettelbruck,9024
Bleesbruck,Ettelbruck,9025
Bleesbruck,Ettelbruck,9026
Bleesbruck,Ettelbruck,9027
Bleesbruck,Ettelbruck,9040
Bleesbruck,Ettelbruck,9041
Bleesbruck,Ettelbruck,9042
Bleesbruck,Ettelbruck,9043
Bleesbruck,Ettelbruck,9044
Bleesbruck,Ettelbruck,9045
Bleesbruck,Ettelbruck,9046
Bleesbruck,Ettelbruck,9047
Bleesbruck,Ettelbruck,9048
Bleesbruck,Ettelbruck,9050
Bleesbruck,Ettelbruck,9051
Bleesbruck,Ettelbruck,9052
Bleesbruck,Ettelbruck,9053
Bleesbruck,Ettelbruck,9054
Bleesbruck,Ettelbruck,9055
Bleesbruck,Ettelbruck,9056
Bleesbruck,Ettelbruck,9057
Bleesbruck,Ettelbruck,9060
Bleesbruck,Ettelbruck,9061
Bleesbruck,Ettelbruck,9062
Bleesbruck,Ettelbruck,9063
Bleesbruck,Ettelbruck,9064
Bleesbruck,Ettelbruck,9065
Bleesbruck,Ettelbruck,9066
Bleesbruck,Ettelbruck,9068
Bleesbruck,Ettelbruck,9069
Bleesbruck,Ettelbruck,9070
Bleesbruck,Ettelbruck,9071
Bleesbruck,Ettelbruck,9072
Bleesbruck,Ettelbruck,9079
Bleesbruck,Ettelbruck,9080
Bleesbruck,Ettelbruck,9081
Bleesbruck,Ettelbruck,9082
Bleesbruck,Ettelbruck,9083
Bleesbruck,Ettelbruck,9084
Bleesbruck,Ettelbruck,9085
Bleesbruck,Ettelbruck,9086
Bleesbruck,Ettelbruck,9087
Bleesbruck,Ettelbruck,9088
Bleesbruck,Ettelbruck,9089
Bleesbruck,Ettelbruck,9091
Bleesbruck,Ettelbruck,9092
Bleesbruck,Ettelbruck,9094
Bleesbruck,Ettelbruck,9097
Bleesbruck,Gilsdorf,9221
Bleesbruck,Gilsdorf,9369
Bleesbruck,Gilsdorf,9370
Bleesbruck,Gilsdorf,9371
Bleesbruck,Gilsdorf,9372
Bleesbruck,Gilsdorf,9373
Bleesbruck,Gilsdorf,9374
Bleesbruck,Ingeldorf,9099
Bleesbruck,Ingeldorf,9147
Bleesbruck,Ingeldorf,9160
Bleesbruck,Ingeldorf,9161
Bleesbruck,Landscheid,9457
Bleesbruck,Landscheid,9458
Bleesbruck,Longsdorf,9459
Bleesbruck,Niederglabach,7431
Bleesbruck,Nommern,7465
Bleesbruck,Roost (Bissen),7759
Bleesbruck,Schieren,9115
Bleesbruck,Schieren,9116
Bleesbruck,Schieren,9117
Bleesbruck,Schieren,9118
Bleesbruck,Schieren,9119
Bleesbruck,Schieren,9120
Bleesbruck,Schieren,9121
Bleesbruck,Schieren,9122
Bleesbruck,Schieren,9123
Bleesbruck,Schieren,9124
Bleesbruck,Schieren,9125
Bleesbruck,Schieren,9126
Bleesbruck,Schieren,9127
Bleesbruck,Schieren,9128
Bleesbruck,Schieren,9129
Bleesbruck,Schieren,9130
Bleesbruck,Schieren,9131
Bleesbruck,Schieren,9132
Bleesbruck,Schieren,9133
Bleesbruck,Schieren,9134
Bleesbruck,Schieren,9135
Bleesbruck,Schieren,9136
Bleesbruck,Schieren,9137
Bleesbruck,Schieren,9184
Bleesbruck,Schrondweiler,9184
Bleesbruck,Seltz,9359
Bleesbruck,Tandel,9395
Bleesbruck,Walsdorf,9465
Bleesbruck,Warken,9018
Bleesbruck,Warken,9019
Bleesbruck,Warken,9028
Bleesbruck,Warken,9029
Bleesbruck,Warken,9030
Bleesbruck,Warken,9031
Bleesbruck,Warken,9032
Bleesbruck,Warken,9033
Bleesbruck,Warken,9090
Bleesbruck,Welsdorf,7713
Bleesbruck,Welsdorf,7723
Boevange/Attert,Beckerich,8521
Boevange/Attert,Beckerich,8522
Boevange/Attert,Beckerich,8523
Boevange/Attert,Bettborn,8606
Boevange/Attert,Bettborn,8609
Boevange/Attert,Boevange-sur-Attert,8710
Boevange/Attert,Boevange-sur-Attert,8711
Boevange/Attert,Brouch,7415
Boevange/Attert,Brouch,7416
Boevange/Attert,Brouch,7417
Boevange/Attert,Brouch,7419
Boevange/Attert,Buschdorf,7418
Boevange/Attert,Eltz,8540
Boevange/Attert,Everlange,8715
Boevange/Attert,Grevenknapp,7433
Boevange/Attert,Huttange,8539
Boevange/Attert,Michelbouch,9173
Boevange/Attert,Noerdange,8550
Boevange/Attert,Noerdange,8551
Boevange/Attert,Ospern,8540
Boevange/Attert,Platen,8558
Boevange/Attert,Platen,8611
Boevange/Attert,Platen,8615
Boevange/Attert,Pratz,8612
Boevange/Attert,Pratz,8613
Boevange/Attert,Reimberg,8614
Boevange/Attert,Saeul,7470
Boevange/Attert,Saeul,7471
Boevange/Attert,Useldange,8705
Boevange/Attert,Useldange,8706
Boevange/Attert,Useldange,8707
Boevange/Attert,Useldange,8708
Boevange/Attert,Vichten,9173
Boevange/Attert,Vichten,9188
Boevange/Attert,Vichten,9189
Boevange/Attert,Vichten,9190
Echternach,Berdorf,6550
Echternach,Berdorf,6551
Echternach,Berdorf,6552
Echternach,Berdorf,6553
Echternach,Berdorf,6562
Echternach,Bollendorf-Pont,6555
Echternach,Dillingen,6350
Echternach,Echternach,6409
Echternach,Echternach,6410
Echternach,Echternach,6411
Echternach,Echternach,6412
Echternach,Echternach,6413
Echternach,Echternach,6414
Echternach,Echternach,6415
Echternach,Echternach,6416
Echternach,Echternach,6417
Echternach,Echternach,6418
Echternach,Echternach,6419
Echternach,Echternach,6420
Echternach,Echternach,6421
Echternach,Echternach,6422
Echternach,Echternach,6430
Echternach,Echternach,6431
Echternach,Echternach,6432
Echternach,Echternach,6433
Echternach,Echternach,6434
Echternach,Echternach,6435
Echternach,Echternach,6436
Echternach,Echternach,6437
Echternach,Echternach,6438
Echternach,Echternach,6439
Echternach,Echternach,6440
Echternach,Echternach,6441
Echternach,Echternach,6442
Echternach,Echternach,6443
Echternach,Echternach,6445
Echternach,Echternach,6446
Echternach,Echternach,6447
Echternach,Echternach,6448
Echternach,Echternach,6449
Echternach,Echternach,6450
Echternach,Echternach,6451
Echternach,Echternach,6452
Echternach,Echternach,6453
Echternach,Echternach,6454
Echternach,Echternach,6455
Echternach,Echternach,6460
Echternach,Echternach,6461
Echternach,Echternach,6462
Echternach,Echternach,6463
Echternach,Echternach,6464
Echternach,Echternach,6465
Echternach,Echternach,6466
Echternach,Echternach,6467
Echternach,Echternach,6468
Echternach,Echternach,6469
Echternach,Echternach,6470
Echternach,Echternach,6471
Echternach,Echternach,6472
Echternach,Echternach,6473
Echternach,Echternach,6474
Echternach,Echternach,6475
Echternach,Echternach,6476
Echternach,Echternach,6477
Echternach,Echternach,6478
Echternach,Echternach,6479
Echternach,Echternach,6480
Echternach,Echternach,6481
Echternach,Echternach,6482
Echternach,Echternach,6483
Echternach,Echternach,6484
Echternach,Echternach,6485
Echternach,Echternach,6486
Echternach,Echternach,6488
Echternach,Echternach,6490
Echternach,Echternach,6491
Echternach,Echternach,6492
Echternach,Echternach,6493
Echternach,Echternach,6494
Echternach,Echternach,6495
Echternach,Echternach,6496
Echternach,Echternach,6497
Echternach,Echternach,6499
Echternach,Echternach,6562
Echternach,Echternach,6572
Echternach,Echternacvh,6412
Echternach,Grundhof,6360
Echternach,Grundhof (Berdorf),6360
Echternach,Weilerbach,6590
Grevenmacher,Ahn,5401
Grevenmacher,Grevenmacher,6711
Grevenmacher,Grevenmacher,6712
Grevenmacher,Grevenmacher,6713
Grevenmacher,Grevenmacher,6714
Grevenmacher,Grevenmacher,6715
Grevenmacher,Grevenmacher,6716
Grevenmacher,Grevenmacher,6717
Grevenmacher,Grevenmacher,6718
Grevenmacher,Grevenmacher,6719
Grevenmacher,Grevenmacher,6720
Grevenmacher,Grevenmacher,6722
Grevenmacher,Grevenmacher,6723
Grevenmacher,Grevenmacher,6724
Grevenmacher,Grevenmacher,6725
Grevenmacher,Grevenmacher,6726
Grevenmacher,Grevenmacher,6730
Grevenmacher,Grevenmacher,6731
Grevenmacher,Grevenmacher,6732
Grevenmacher,Grevenmacher,6733
Grevenmacher,Grevenmacher,6734
Grevenmacher,Grevenmacher,6735
Grevenmacher,Grevenmacher,6736
Grevenmacher,Grevenmacher,6737
Grevenmacher,Grevenmacher,6738
Grevenmacher,Grevenmacher,6739
Grevenmacher,Grevenmacher,6740
Grevenmacher,Grevenmacher,6741
Grevenmacher,Grevenmacher,6742
Grevenmacher,Grevenmacher,6743
Grevenmacher,Grevenmacher,6744
Grevenmacher,Grevenmacher,6745
Grevenmacher,Grevenmacher,6750
Grevenmacher,Grevenmacher,6751
Grevenmacher,Grevenmacher,6752
Grevenmacher,Grevenmacher,6753
Grevenmacher,Grevenmacher,6754
Grevenmacher,Grevenmacher,6755
Grevenmacher,Grevenmacher,6756
Grevenmacher,Grevenmacher,6757
Grevenmacher,Grevenmacher,6758
Grevenmacher,Grevenmacher,6759
Grevenmacher,Grevenmacher,6760
Grevenmacher,Grevenmacher,6761
Grevenmacher,Grevenmacher,6762
Grevenmacher,Grevenmacher,6763
Grevenmacher,Grevenmacher,6764
Grevenmacher,Grevenmacher,6765
Grevenmacher,Grevenmacher,6770
Grevenmacher,Grevenmacher,6771
Grevenmacher,Grevenmacher,6772
Grevenmacher,Grevenmacher,6773
Grevenmacher,Grevenmacher,6774
Grevenmacher,Grevenmacher,6775
Grevenmacher,Grevenmacher,6776
Grevenmacher,Grevenmacher,6777
Grevenmacher,Grevenmacher,6778
Grevenmacher,Grevenmacher,6779
Grevenmacher,Grevenmacher,6780
Grevenmacher,Grevenmacher,6781
Grevenmacher,Grevenmacher,6782
Grevenmacher,Grevenmacher,6783
Grevenmacher,Grevenmacher,6784
Grevenmacher,Grevenmacher,6785
Grevenmacher,Grevenmacher,6786
Grevenmacher,Grevenmacher,6790
Grevenmacher,Grevenmacher,6791
Grevenmacher,Grevenmacher,6792
Grevenmacher,Grevenmacher,6793
Grevenmacher,Grevenmacher,6794
Grevenmacher,Grevenmacher,6795
Grevenmacher,Grevenmacher,6796
Grevenmacher,Machtum,6840
Grevenmacher,Machtum,6841
Grevenmacher,Machtum,6842
Grevenmacher,Mertert,6669
Grevenmacher,Mertert,6670
Grevenmacher,Mertert,6671
Grevenmacher,Mertert,6672
Grevenmacher,Mertert,6673
Grevenmacher,Mertert,6674
Grevenmacher,Mertert,6675
Grevenmacher,Mertert,6676
Grevenmacher,Mertert,6677
Grevenmacher,Mertert,6678
Grevenmacher,Mertert,6679
Grevenmacher,Mertert,6680
Grevenmacher,Mertert,6681
Grevenmacher,Mertert,6682
Grevenmacher,Mertert,6683
Grevenmacher,Mertert,6684
Grevenmacher,Mertert,6685
Grevenmacher,Mertert,6686
Grevenmacher,Mertert,6687
Grevenmacher,Mertert,6688
Grevenmacher,Mertert,6693
Hesperange,Alzingen,5815
Hesperange,Alzingen,5818
Hesperange,Alzingen,5819
Hesperange,Alzingen,5824
Hesperange,Alzingen,5829
Hesperange,Alzingen,5830
Hesperange,Alzingen,5833
Hesperange,Alzingen,5835
Hesperange,Alzingen,5836
Hesperange,Alzingen,5844
Hesperange,Alzingen,5854
Hesperange,Alzingen,5863
Hesperange,Alzingen,5865
Hesperange,Alzingen,5868
Hesperange,Alzingen,5869
Hesperange,Alzingen,5870
Hesperange,Alzingen,5871
Hesperange,Alzingen,5872
Hesperange,Alzingen,5873
Hesperange,Alzingen,5875
Hesperange,Alzingen,5886
Hesperange,Alzingen,5887
Hesperange,Alzingen,5888
Hesperange,Alzingen,5890
Hesperange,Alzingen,5892
Hesperange,Alzingen,5894
Hesperange,Alzingen,5895
Hesperange,Alzingen,5896
Hesperange,Fentange,5808
Hesperange,Fentange,5811
Hesperange,Fentange,5813
Hesperange,Fentange,5814
Hesperange,Fentange,5817
Hesperange,Fentange,5820
Hesperange,Fentange,5823
Hesperange,Fentange,5825
Hesperange,Fentange,5826
Hesperange,Fentange,5828
Hesperange,Fentange,5832
Hesperange,Fentange,5837
Hesperange,Fentange,5838
Hesperange,Fentange,5839
Hesperange,Fentange,5843
Hesperange,Fentange,5846
Hesperange,Fentange,5853
Hesperange,Fentange,5861
Hesperange,Fentange,5862
Hesperange,Fentange,5864
Hesperange,Fentange,5867
Hesperange,Fentange,5889
Hesperange,Fentange,5891
Hesperange,Hesperange,5809
Hesperange,Hesperange,5810
Hesperange,Hesperange,5812
Hesperange,Hesperange,5816
Hesperange,Hesperange,5822
Hesperange,Hesperange,5826
Hesperange,Hesperange,5830
Hesperange,Hesperange,5831
Hesperange,Hesperange,5834
Hesperange,Hesperange,5840
Hesperange,Hesperange,5841
Hesperange,Hesperange,5842
Hesperange,Hesperange,5852
Hesperange,Hesperange,5855
Hesperange,Hesperange,5856
Hesperange,Hesperange,5859
Hesperange,Hesperange,5860
Hesperange,Hesperange,5862
Hesperange,Hesperange,5863
Hesperange,Hesperange,5866
Hesperange,Hesperange,5874
Hesperange,Hesperange,5876
Hesperange,Hesperange,5878
Hesperange,Hesperange,5880
Hesperange,Hesperange,5884
Hesperange,Hesperange,5885
Hesperange,Hesperange,5886
Hesperange,Hesperange,5887
Hesperange,Hesperange,5890
Hesperange,Hesperange,5893
Hesperange,Hesperange,5940
Hesperange,Howald,1137
Hesperange,Howald,1216
Hesperange,Howald,1223
Hesperange,Howald,1228
Hesperange,Howald,1231
Hesperange,Howald,1232
Hesperange,Howald,1274
Hesperange,Howald,1350
Hesperange,Howald,1353
Hesperange,Howald,1363
Hesperange,Howald,1423
Hesperange,Howald,1455
Hesperange,Howald,1467
Hesperange,Howald,1508
Hesperange,Howald,1625
Hesperange,Howald,1749
Hesperange,Howald,1813
Hesperange,Howald,1818
Hesperange,Howald,1842
Hesperange,Howald,1867
Hesperange,Howald,1949
Hesperange,Howald,2112
Hesperange,Howald,2129
Hesperange,Howald,2272
Hesperange,Howald,2317
Hesperange,Howald,2319
Hesperange,Howald,2370
Hesperange,Howald,2412
Hesperange,Howald,2416
Hesperange,Howald,2425
Hesperange,Howald,2446
Hesperange,Howald,2524
Hesperange,Howald,2529
Hesperange,Howald,2545
Hesperange,Howald,2610
Hesperange,Howald,2611
Hesperange,Howald,2723
Hesperange,Howald,2727
Hesperange,Howald,5821
Hesperange,Howald,5850
Hesperange,Howald,5884
Hesperange,Howald,5885
Hesperange,Itzig,1816
Hesperange,Itzig,5942
Hesperange,Itzig,5943
Hesperange,Itzig,5950
Hesperange,Itzig,5951
Hesperange,Itzig,5952
Hesperange,Itzig,5953
Hesperange,Itzig,5954
Hesperange,Itzig,5955
Hesperange,Itzig,5956
Hesperange,Itzig,5957
Hesperange,Itzig,5958
Hesperange,Itzig,5959
Hesperange,Itzig,5960
Hesperange,Itzig,5962
Hesperange,Itzig,5963
Hesperange,Itzig,5964
Hesperange,Itzig,5969
Hesperange,Itzig,5970
Hesperange,Itzig,5971
Hesperange,Itzig,5972
Hesperange,Itzig,5973
Hesperange,Itzig,5974
Hesperange,Itzig,5975
Hesperange,Itzig,5976
Hesperange,Itzig,5977
Hesperange,Itzig,5978
Mersch,Bereldange,7212
Mersch,Bereldange,7213
Mersch,Bereldange,7214
Mersch,Bereldange,7215
Mersch,Bereldange,7216
Mersch,Bereldange,7217
Mersch,Bereldange,7221
Mersch,Bereldange,7223
Mersch,Bereldange,7225
Mersch,Bereldange,7227
Mersch,Bereldange,7232
Mersch,Bereldange,7233
Mersch,Bereldange,7235
Mersch,Bereldange,7236
Mersch,Bereldange,7239
Mersch,Bereldange,7240
Mersch,Bereldange,7241
Mersch,Bereldange,7243
Mersch,Bereldange,7244
Mersch,Bereldange,7248
Mersch,Bereldange,7249
Mersch,Bereldange,7252
Mersch,Bereldange,7254
Mersch,Bereldange,7259
Mersch,Bereldange,7260
Mersch,Bereldange,7265
Mersch,Bereldange,7266
Mersch,Bereldange,7268
Mersch,Beringen,7409
Mersch,Beringen,7590
Mersch,Beringen,7591
Mersch,Beringen,7592
Mersch,Beringen,7593
Mersch,Beringen,7594
Mersch,Blaschette,7390
Mersch,Blaschette,7391
Mersch,Blaschette,7392
Mersch,Bofferdange,7362
Mersch,Bofferdange,7364
Mersch,Bofferdange,7374
Mersch,Bofferdange,7376
Mersch,Bofferdange,7378
Mersch,Bofferdange,7381
Mersch,Essingen,7424
Mersch,Essingen,7759
Mersch,Gosseldange,7432
Mersch,Heisdorf,7304
Mersch,Heisdorf,7308
Mersch,Heisdorf,7310
Mersch,Heisdorf,7311
Mersch,Heisdorf,7313
Mersch,Heisdorf,7314
Mersch,Heisdorf,7318
Mersch,Heisdorf,7325
Mersch,Heisdorf,7328
Mersch,Heisdorf,7329
Mersch,Heisdorf,7330
Mersch,Heisdorf,7334
Mersch,Heisdorf,7335
Mersch,Heisdorf,7337
Mersch,Heisdorf,7338
Mersch,Heisdorf,7340
Mersch,Heisdorf,7341
Mersch,Heisdorf,7342
Mersch,Heisdorf,7345
Mersch,Heisdorf,7348
Mersch,Heisdorf,7349
Mersch,Helmdange,7351
Mersch,Helmdange,7352
Mersch,Helmdange,7354
Mersch,Helmdange,7355
Mersch,Helmdange,7356
Mersch,Helmdange,7357
Mersch,Helmdange,7360
Mersch,Helmdange,7371
Mersch,Helmdange,7373
Mersch,Helmdange,7374
Mersch,Helmdange,7382
Mersch,Helmsange,7210
Mersch,Helmsange,7211
Mersch,Helmsange,7218
Mersch,Helmsange,7219
Mersch,Helmsange,7220
Mersch,Helmsange,7226
Mersch,Helmsange,7228
Mersch,Helmsange,7229
Mersch,Helmsange,7230
Mersch,Helmsange,7231
Mersch,Helmsange,7234
Mersch,Helmsange,7237
Mersch,Helmsange,7242
Mersch,Helmsange,7246
Mersch,Helmsange,7247
Mersch,Helmsange,7250
Mersch,Helmsange,7251
Mersch,Helmsange,7255
Mersch,Helmsange,7257
Mersch,Helmsange,7258
Mersch,Helmsange,7261
Mersch,Helmsange,7262
Mersch,Helmsange,7263
Mersch,Helmsange,7264
Mersch,Helmsange,7270
Mersch,Hunsdorf,7395
Mersch,Hunsdorf,7396
Mersch,Hunsdorf,7397
Mersch,Lintgen,6155
Mersch,Lintgen,7440
Mersch,Lintgen,7441
Mersch,Lintgen,7442
Mersch,Lintgen,7443
Mersch,Lintgen,7444
Mersch,Lintgen,7445
Mersch,Lintgen,7446
Mersch,Lintgen,7447
Mersch,Lintgen,7448
Mersch,Lintgen,7449
Mersch,Lintgen,7450
Mersch,Lintgen,7451
Mersch,Lintgen,7452
Mersch,Lintgen,7453
Mersch,Lintgen,7454
Mersch,Lintgen,7455
Mersch,Lintgen,7456
Mersch,Lintgen,7457
Mersch,Lintgen,7458
Mersch,Lorentzweiler,7350
Mersch,Lorentzweiler,7353
Mersch,Lorentzweiler,7356
Mersch,Lorentzweiler,7358
Mersch,Lorentzweiler,7359
Mersch,Lorentzweiler,7361
Mersch,Lorentzweiler,7363
Mersch,Lorentzweiler,7370
Mersch,Lorentzweiler,7372
Mersch,Lorentzweiler,7373
Mersch,Lorentzweiler,7375
Mersch,Lorentzweiler,7377
Mersch,Lorentzweiler,7379
Mersch,Lorentzweiler,7380
Mersch,Lorentzweiler,7383
Mersch,Lorentzweiler,7384
Mersch,Mersch,7410
Mersch,Mersch,7463
Mersch,Mersch,7512
Mersch,Mersch,7513
Mersch,Mersch,7514
Mersch,Mersch,7515
Mersch,Mersch,7517
Mersch,Mersch,7519
Mersch,Mersch,7520
Mersch,Mersch,7521
Mersch,Mersch,7522
Mersch,Mersch,7523
Mersch,Mersch,7524
Mersch,Mersch,7525
Mersch,Mersch,7526
Mersch,Mersch,7531
Mersch,Mersch,7533
Mersch,Mersch,7534
Mersch,Mersch,7535
Mersch,Mersch,7536
Mersch,Mersch,7538
Mersch,Mersch,7541
Mersch,Mersch,7542
Mersch,Mersch,7543
Mersch,Mersch,7544
Mersch,Mersch,7545
Mersch,Mersch,7553
Mersch,Mersch,7554
Mersch,Mersch,7555
Mersch,Mersch,7556
Mersch,Mersch,7557
Mersch,Mersch,7559
Mersch,Mersch,7560
Mersch,Mersch,7561
Mersch,Mersch,7562
Mersch,Mersch,7563
Mersch,Mersch,7564
Mersch,Mersch,7565
Mersch,Mersch,7566
Mersch,Mersch,7568
Mersch,Mersch,7569
Mersch,Mersch,7570
Mersch,Mersch,7571
Mersch,Mersch,7572
Mersch,Mersch,7590
Mersch,Mersch,7599
Mersch,Moesdorf,7462
Mersch,Moesdorf,7463
Mersch,Moesdorf,7464
Mersch,Mullendorf,7302
Mersch,Mullendorf,7305
Mersch,Mullendorf,7306
Mersch,Mullendorf,7312
Mersch,Mullendorf,7317
Mersch,Mullendorf,7321
Mersch,Mullendorf,7324
Mersch,Mullendorf,7326
Mersch,Mullendorf,7332
Mersch,Mullendorf,7346
Mersch,Pettingen,7463
Mersch,Prettingen,7460
Mersch,Reckange,7415
Mersch,Reckange,7595
Mersch,Reckange,7596
Mersch,Reckange,7597
Mersch,Reckange,7598
Mersch,Rollingen,7511
Mersch,Rollingen,7516
Mersch,Rollingen,7518
Mersch,Rollingen,7527
Mersch,Rollingen,7532
Mersch,Rollingen,7537
Mersch,Rollingen,7539
Mersch,Rollingen,7540
Mersch,Rollingen,7543
Mersch,Rollingen,7546
Mersch,Rollingen,7547
Mersch,Rollingen,7558
Mersch,Rollingen,7567
Mersch,Schoenfels,7473
Mersch,Steinsel,7302
Mersch,Steinsel,7303
Mersch,Steinsel,7305
Mersch,Steinsel,7307
Mersch,Steinsel,7309
Mersch,Steinsel,7315
Mersch,Steinsel,7316
Mersch,Steinsel,7317
Mersch,Steinsel,7319
Mersch,Steinsel,7320
Mersch,Steinsel,7322
Mersch,Steinsel,7323
Mersch,Steinsel,7327
Mersch,Steinsel,7331
Mersch,Steinsel,7333
Mersch,Steinsel,7336
Mersch,Steinsel,7339
Mersch,Steinsel,7343
Mersch,Steinsel,7344
Mersch,Steinsel,7347
Mersch,Walferdange,7209
Mersch,Walferdange,7220
Mersch,Walferdange,7222
Mersch,Walferdange,7224
Mersch,Walferdange,7226
Mersch,Walferdange,7238
Mersch,Walferdange,7253
Mersch,Walferdange,7256
Mersch,Walferdange,7269
Mersch,Walferdange,7274
Petange,Bascharage,4907
Petange,Bascharage,4908
Petange,Bascharage,4909
Petange,Bascharage,4911
Petange,Bascharage,4912
Petange,Bascharage,4914
Petange,Bascharage,4916
Petange,Bascharage,4917
Petange,Bascharage,4918
Petange,Bascharage,4919
Petange,Bascharage,4920
Petange,Bascharage,4922
Petange,Bascharage,4925
Petange,Bascharage,4926
Petange,Bascharage,4928
Petange,Bascharage,4930
Petange,Bascharage,4933
Petange,Bascharage,4936
Petange,Bascharage,4938
Petange,Bascharage,4939
Petange,Bascharage,4940
Petange,Bascharage,4941
Petange,Bascharage,4942
Petange,Bascharage,4944
Petange,Bascharage,4945
Petange,Bascharage,4946
Petange,Bascharage,4947
Petange,Bascharage,4948
Petange,Bascharage,4950
Petange,Bascharage,4951
Petange,Bascharage,4952
Petange,Bascharage,4954
Petange,Bascharage,4955
Petange,Bascharage,4958
Petange,Bascharage,4959
Petange,Belvaux,4460
Petange,Belvaux,4475
Petange,Differdange,4507
Petange,Differdange,4508
Petange,Differdange,4511
Petange,Differdange,4514
Petange,Differdange,4515
Petange,Differdange,4516
Petange,Differdange,4518
Petange,Differdange,4519
Petange,Differdange,4521
Petange,Differdange,4524
Petange,Differdange,4528
Petange,Differdange,4529
Petange,Differdange,4530
Petange,Differdange,4531
Petange,Differdange,4532
Petange,Differdange,4534
Petange,Differdange,4535
Petange,Differdange,4536
Petange,Differdange,4537
Petange,Differdange,4540
Petange,Differdange,4541
Petange,Differdange,4542
Petange,Differdange,4543
Petange,Differdange,4544
Petange,Differdange,4545
Petange,Differdange,4546
Petange,Differdange,4547
Petange,Differdange,4548
Petange,Differdange,4549
Petange,Differdange,4556
Petange,Differdange,4559
Petange,Differdange,4560
Petange,Differdange,4564
Petange,Differdange,4573
Petange,Differdange,4574
Petange,Differdange,4575
Petange,Differdange,4577
Petange,Differdange,4580
Petange,Differdange,4581
Petange,Differdange,4582
Petange,Differdange,4583
Petange,Differdange,4591
Petange,Differdange,4593
Petange,Differdange,4594
Petange,Differdange,4595
Petange,Differdange,4596
Petange,Differdange,4597
Petange,Differdange,4599
Petange,Differdange,4601
Petange,Differdange,4603
Petange,Differdange,4604
Petange,Differdange,4605
Petange,Differdange,4607
Petange,Differdange,4608
Petange,Differdange,4613
Petange,Differdange,4620
Petange,Differdange,4621
Petange,Differdange,4623
Petange,Differdange,4625
Petange,Differdange,4627
Petange,Differdange,4628
Petange,Differdange,4629
Petange,Differdange,4630
Petange,Differdange,4632
Petange,Differdange,4633
Petange,Differdange,4634
Petange,Differdange,4635
Petange,Differdange,4636
Petange,Differdange,4637
Petange,Differdange,4638
Petange,Differdange,4639
Petange,Differdange,4640
Petange,Differdange,4642
Petange,Differdange,4647
Petange,Differdange,4648
Petange,Differdange,4651
Petange,Differdange,4653
Petange,Differdange,4654
Petange,Differdange,4657
Petange,Differdange,4660
Petange,Differdange,4662
Petange,Differdange,4663
Petange,Differdange,4668
Petange,Differdange,4669
Petange,Differdange,4670
Petange,Differdange,4677
Petange,Differdange,4682
Petange,Differdange,4683
Petange,Differdange,4684
Petange,Differdange,4687
Petange,Differdange,4688
Petange,Differdange,4689
Petange,Differdange,4690
Petange,Differdange,4691
Petange,Differdange,4692
Petange,Differdange,4693
Petange,Hautcharage,4910
Petange,Hautcharage,4913
Petange,Hautcharage,4915
Petange,Hautcharage,4921
Petange,Hautcharage,4923
Petange,Hautcharage,4924
Petange,Hautcharage,4927
Petange,Hautcharage,4929
Petange,Hautcharage,4931
Petange,Hautcharage,4932
Petange,Hautcharage,4934
Petange,Hautcharage,4935
Petange,Hautcharage,4937
Petange,Hautcharage,4940
Petange,Hautcharage,4942
Petange,Hautcharage,4943
Petange,Hautcharage,4945
Petange,Hautcharage,4947
Petange,Hautcharage,4949
Petange,Hautcharage,4953
Petange,Hautcharage,4956
Petange,Hautcharage,4957
Petange,Hautcharage,4969
Petange,Lamadelaine,4744
Petange,Lamadelaine,4870
Petange,Lamadelaine,4871
Petange,Lamadelaine,4872
Petange,Lamadelaine,4873
Petange,Lamadelaine,4874
Petange,Lamadelaine,4875
Petange,Lamadelaine,4876
Petange,Lamadelaine,4877
Petange,Lamadelaine,4878
Petange,Lamadelaine,4879
Petange,Lamadelaine,4880
Petange,Lamadelaine,4881
Petange,Lamadelaine,4882
Petange,Lamadelaine,4883
Petange,Lamadelaine,4884
Petange,Lamadelaine,4885
Petange,Lamadelaine,4886
Petange,Lamadelaine,4887
Petange,Lamadelaine,4888
Petange,Lamadelaine,4889
Petange,Lamadelaine,4890
Petange,Lamadelaine,4891
Petange,Lamadelaine,4892
Petange,Lamadelaine,4893
Petange,Lamadelaine,4894
Petange,Lamadelaine,4895
Petange,Linger,4795
Petange,Linger,4796
Petange,Linger,4797
Petange,Linger,4798
Petange,Niederkorn,4505
Petange,Niederkorn,4506
Petange,Niederkorn,4509
Petange,Niederkorn,4512
Petange,Niederkorn,4513
Petange,Niederkorn,4520
Petange,Niederkorn,4525
Petange,Niederkorn,4526
Petange,Niederkorn,4533
Petange,Niederkorn,4551
Petange,Niederkorn,4552
Petange,Niederkorn,4553
Petange,Niederkorn,4555
Petange,Niederkorn,4557
Petange,Niederkorn,4563
Petange,Niederkorn,4565
Petange,Niederkorn,4567
Petange,Niederkorn,4570
Petange,Niederkorn,4576
Petange,Niederkorn,4598
Petange,Niederkorn,4601
Petange,Niederkorn,4602
Petange,Niederkorn,4609
Petange,Niederkorn,4610
Petange,Niederkorn,4611
Petange,Niederkorn,4612
Petange,Niederkorn,4643
Petange,Niederkorn,4644
Petange,Niederkorn,4645
Petange,Niederkorn,4646
Petange,Niederkorn,4650
Petange,Niederkorn,4656
Petange,Niederkorn,4661
Petange,Niederkorn,4664
Petange,Niederkorn,4666
Petange,Niederkorn,4676
Petange,Niederkorn,4678
Petange,Niederkorn,4680
Petange,Niederkorn,4681
Petange,Niederkorn,4683
Petange,Niederkorn,4686
Petange,Oberkorn,4510
Petange,Oberkorn,4517
Petange,Oberkorn,4522
Petange,Oberkorn,4523
Petange,Oberkorn,4527
Petange,Oberkorn,4531
Petange,Oberkorn,4538
Petange,Oberkorn,4539
Petange,Oberkorn,4540
Petange,Oberkorn,4550
Petange,Oberkorn,4554
Petange,Oberkorn,4558
Petange,Oberkorn,4561
Petange,Oberkorn,4569
Petange,Oberkorn,4571
Petange,Oberkorn,4579
Petange,Oberkorn,4590
Petange,Oberkorn,4592
Petange,Oberkorn,4606
Petange,Oberkorn,4622
Petange,Oberkorn,4624
Petange,Oberkorn,4626
Petange,Oberkorn,4631
Petange,Oberkorn,4640
Petange,Oberkorn,4641
Petange,Oberkorn,4649
Petange,Oberkorn,4658
Petange,Oberkorn,4665
Petange,Oberkorn,4667
Petange,Oberkorn,4671
Petange,Oberkorn,4679
Petange,Oberkorn,4685
Petange,Oberkorn,4687
Petange,Oberkorn,4694
Petange,Pétange,4702
Petange,Pétange,4707
Petange,Pétange,4708
Petange,Pétange,4709
Petange,Pétange,4710
Petange,Pétange,4711
Petange,Pétange,4712
Petange,Pétange,4713
Petange,Pétange,4714
Petange,Pétange,4715
Petange,Pétange,4716
Petange,Pétange,4717
Petange,Pétange,4718
Petange,Pétange,4719
Petange,Pétange,4720
Petange,Pétange,4721
Petange,Pétange,4722
Petange,Pétange,4730
Petange,Pétange,4731
Petange,Pétange,4732
Petange,Pétange,4733
Petange,Pétange,4734
Petange,Pétange,4735
Petange,Pétange,4736
Petange,Pétange,4737
Petange,Pétange,4738
Petange,Pétange,4739
Petange,Pétange,4740
Petange,Pétange,4741
Petange,Pétange,4742
Petange,Pétange,4743
Petange,Pétange,4744
Petange,Pétange,4745
Petange,Pétange,4750
Petange,Pétange,4751
Petange,Pétange,4752
Petange,Pétange,4753
Petange,Pétange,4754
Petange,Pétange,4755
Petange,Pétange,4756
Petange,Pétange,4757
Petange,Pétange,4758
Petange,Pétange,4759
Petange,Pétange,4760
Petange,Pétange,4761
Petange,Pétange,4762
Petange,Pétange,4763
Petange,Pétange,4770
Petange,Pétange,4771
Petange,Pétange,4772
Petange,Pétange,4773
Petange,Pétange,4774
Petange,Pétange,4775
Petange,Pétange,4776
Petange,Pétange,4777
Petange,Pétange,4778
Petange,Pétange,4779
Petange,Pétange,4780
Petange,Pétange,4781
Petange,Pétange,4782
Petange,Pétange,4783
Petange,Pétange,4784
Petange,Pétange,4785
Petange,Pétange,4786
Petange,Pétange,4883
Petange,Pétange,4908
Petange,Rodange,4559
Petange,Rodange,4804
Petange,Rodange,4805
Petange,Rodange,4806
Petange,Rodange,4807
Petange,Rodange,4808
Petange,Rodange,4809
Petange,Rodange,4810
Petange,Rodange,4811
Petange,Rodange,4812
Petange,Rodange,4813
Petange,Rodange,4814
Petange,Rodange,4815
Petange,Rodange,4818
Petange,Rodange,4819
Petange,Rodange,4820
Petange,Rodange,4823
Petange,Rodange,4824
Petange,Rodange,4825
Petange,Rodange,4826
Petange,Rodange,4829
Petange,Rodange,4830
Petange,Rodange,4831
Petange,Rodange,4832
Petange,Rodange,4833
Petange,Rodange,4834
Petange,Rodange,4837
Petange,Rodange,4838
Petange,Rodange,4839
Petange,Rodange,4840
Petange,Rodange,4843
Petange,Rodange,4844
Petange,Rodange,4845
Petange,Rodange,4846
Petange,Rodange,4847
Petange,Rodange,4848
Petange,Rodange,4849
Petange,Rodange,4850
Petange,Rodange,4853
Petange,Sanem,4498
Petange,Sanem,4985
Petange,Sanem,4986
Petange,Sanem,4987
Petange,Sanem,4988
Petange,Sanem,4989
Petange,Sanem,4990
Petange,Sanem,4991
Petange,Sanem,4992
Petange,Sanem,4993
Petange,Soleuvre,4405
Petange,Soleuvre,4410
Petange,Soleuvre,4411
Petange,Soleuvre,4413
Petange,Soleuvre,4417
Petange,Soleuvre,4418
Petange,Soleuvre,4420
Petange,Soleuvre,4421
Petange,Soleuvre,4423
Petange,Soleuvre,4432
Petange,Soleuvre,4437
Petange,Soleuvre,4438
Petange,Soleuvre,4447
Petange,Soleuvre,4460
Petange,Soleuvre,4465
Petange,Soleuvre,4467
Petange,Soleuvre,4469
Petange,Soleuvre,4470
Petange,Soleuvre,4475
Petange,Soleuvre,4485
Petange,Soleuvre,4492
Petange,Soleuvre,4521
Schifflange,Belvaux,4367
Schifflange,Belvaux,4368
Schifflange,Belvaux,4370
Schifflange,Belvaux,4371
Schifflange,Belvaux,4375
Schifflange,Belvaux,4406
Schifflange,Belvaux,4407
Schifflange,Belvaux,4408
Schifflange,Belvaux,4409
Schifflange,Belvaux,4412
Schifflange,Belvaux,4416
Schifflange,Belvaux,4419
Schifflange,Belvaux,4422
Schifflange,Belvaux,4424
Schifflange,Belvaux,4425
Schifflange,Belvaux,4426
Schifflange,Belvaux,4429
Schifflange,Belvaux,4430
Schifflange,Belvaux,4431
Schifflange,Belvaux,4436
Schifflange,Belvaux,4443
Schifflange,Belvaux,4444
Schifflange,Belvaux,4445
Schifflange,Belvaux,4446
Schifflange,Belvaux,4450
Schifflange,Belvaux,4451
Schifflange,Belvaux,4460
Schifflange,Belvaux,4461
Schifflange,Belvaux,4462
Schifflange,Belvaux,4468
Schifflange,Belvaux,4471
Schifflange,Belvaux,4474
Schifflange,Belvaux,4476
Schifflange,Belvaux,4477
Schifflange,Belvaux,4478
Schifflange,Belvaux,4480
Schifflange,Belvaux,4481
Schifflange,Belvaux,4482
Schifflange,Belvaux,4487
Schifflange,Belvaux,4488
Schifflange,Belvaux,4489
Schifflange,Belvaux,4490
Schifflange,Belvaux,4491
Schifflange,Bergem,3313
Schifflange,Bergem,3314
Schifflange,Bergem,3315
Schifflange,Bergem,3316
Schifflange,Bergem,3317
Schifflange,Bergem,3318
Schifflange,Ehlange,3960
Schifflange,Ehlange,3961
Schifflange,Ehlerange,4380
Schifflange,Ehlerange,4381
Schifflange,Ehlerange,4382
Schifflange,Ehlerange,4383
Schifflange,Ehlerange,4384
Schifflange,Ehlerange,4385
Schifflange,Esch-sur-Alzette,4010
Schifflange,Esch-sur-Alzette,4011
Schifflange,Esch-sur-Alzette,4012
Schifflange,Esch-sur-Alzette,4013
Schifflange,Esch-sur-Alzette,4014
Schifflange,Esch-sur-Alzette,4015
Schifflange,Esch-sur-Alzette,4016
Schifflange,Esch-sur-Alzette,4017
Schifflange,Esch-sur-Alzette,4018
Schifflange,Esch-sur-Alzette,4019
Schifflange,Esch-sur-Alzette,4020
Schifflange,Esch-sur-Alzette,4021
Schifflange,Esch-sur-Alzette,4022
Schifflange,Esch-sur-Alzette,4023
Schifflange,Esch-sur-Alzette,4024
Schifflange,Esch-sur-Alzette,4025
Schifflange,Esch-sur-Alzette,4026
Schifflange,Esch-sur-Alzette,4027
Schifflange,Esch-sur-Alzette,4028
Schifflange,Esch-sur-Alzette,4029
Schifflange,Esch-sur-Alzette,4030
Schifflange,Esch-sur-Alzette,4031
Schifflange,Esch-sur-Alzette,4032
Schifflange,Esch-sur-Alzette,4033
Schifflange,Esch-sur-Alzette,4034
Schifflange,Esch-sur-Alzette,4035
Schifflange,Esch-sur-Alzette,4036
Schifflange,Esch-sur-Alzette,4037
Schifflange,Esch-sur-Alzette,4038
Schifflange,Esch-sur-Alzette,4039
Schifflange,Esch-sur-Alzette,4040
Schifflange,Esch-sur-Alzette,4041
Schifflange,Esch-sur-Alzette,4042
Schifflange,Esch-sur-Alzette,4044
Schifflange,Esch-sur-Alzette,4045
Schifflange,Esch-sur-Alzette,4046
Schifflange,Esch-sur-Alzette,4047
Schifflange,Esch-sur-Alzette,4048
Schifflange,Esch-sur-Alzette,4049
Schifflange,Esch-sur-Alzette,4050
Schifflange,Esch-sur-Alzette,4051
Schifflange,Esch-sur-Alzette,4052
Schifflange,Esch-sur-Alzette,4053
Schifflange,Esch-sur-Alzette,4054
Schifflange,Esch-sur-Alzette,4055
Schifflange,Esch-sur-Alzette,4057
Schifflange,Esch-sur-Alzette,4058
Schifflange,Esch-sur-Alzette,4059
Schifflange,Esch-sur-Alzette,4060
Schifflange,Esch-sur-Alzette,4061
Schifflange,Esch-sur-Alzette,4062
Schifflange,Esch-sur-Alzette,4063
Schifflange,Esch-sur-Alzette,4064
Schifflange,Esch-sur-Alzette,4065
Schifflange,Esch-sur-Alzette,4066
Schifflange,Esch-sur-Alzette,4067
Schifflange,Esch-sur-Alzette,4068
Schifflange,Esch-sur-Alzette,4069
Schifflange,Esch-sur-Alzette,4070
Schifflange,Esch-sur-Alzette,4071
Schifflange,Esch-sur-Alzette,4072
Schifflange,Esch-sur-Alzette,4074
Schifflange,Esch-sur-Alzette,4080
Schifflange,Esch-sur-Alzette,4081
Schifflange,Esch-sur-Alzette,4082
Schifflange,Esch-sur-Alzette,4083
Schifflange,Esch-sur-Alzette,4084
Schifflange,Esch-sur-Alzette,4085
Schifflange,Esch-sur-Alzette,4086
Schifflange,Esch-sur-Alzette,4101
Schifflange,Esch-sur-Alzette,4102
Schifflange,Esch-sur-Alzette,4103
Schifflange,Esch-sur-Alzette,4105
Schifflange,Esch-sur-Alzette,4106
Schifflange,Esch-sur-Alzette,4107
Schifflange,Esch-sur-Alzette,4108
Schifflange,Esch-sur-Alzette,4109
Schifflange,Esch-sur-Alzette,4110
Schifflange,Esch-sur-Alzette,4111
Schifflange,Esch-sur-Alzette,4112
Schifflange,Esch-sur-Alzette,4113
Schifflange,Esch-sur-Alzette,4114
Schifflange,Esch-sur-Alzette,4115
Schifflange,Esch-sur-Alzette,4118
Schifflange,Esch-sur-Alzette,4119
Schifflange,Esch-sur-Alzette,4120
Schifflange,Esch-sur-Alzette,4121
Schifflange,Esch-sur-Alzette,4122
Schifflange,Esch-sur-Alzette,4123
Schifflange,Esch-sur-Alzette,4125
Schifflange,Esch-sur-Alzette,4130
Schifflange,Esch-sur-Alzette,4131
Schifflange,Esch-sur-Alzette,4132
Schifflange,Esch-sur-Alzette,4133
Schifflange,Esch-sur-Alzette,4134
Schifflange,Esch-sur-Alzette,4135
Schifflange,Esch-sur-Alzette,4136
Schifflange,Esch-sur-Alzette,4137
Schifflange,Esch-sur-Alzette,4138
Schifflange,Esch-sur-Alzette,4139
Schifflange,Esch-sur-Alzette,4140
Schifflange,Esch-sur-Alzette,4141
Schifflange,Esch-sur-Alzette,4142
Schifflange,Esch-sur-Alzette,4143
Schifflange,Esch-sur-Alzette,4149
Schifflange,Esch-sur-Alzette,4150
Schifflange,Esch-sur-Alzette,4151
Schifflange,Esch-sur-Alzette,4152
Schifflange,Esch-sur-Alzette,4153
Schifflange,Esch-sur-Alzette,4154
Schifflange,Esch-sur-Alzette,4155
Schifflange,Esch-sur-Alzette,4156
Schifflange,Esch-sur-Alzette,4164
Schifflange,Esch-sur-Alzette,4165
Schifflange,Esch-sur-Alzette,4166
Schifflange,Esch-sur-Alzette,4167
Schifflange,Esch-sur-Alzette,4168
Schifflange,Esch-sur-Alzette,4169
Schifflange,Esch-sur-Alzette,4170
Schifflange,Esch-sur-Alzette,4171
Schifflange,Esch-sur-Alzette,4172
Schifflange,Esch-sur-Alzette,4173
Schifflange,Esch-sur-Alzette,4174
Schifflange,Esch-sur-Alzette,4175
Schifflange,Esch-sur-Alzette,4176
Schifflange,Esch-sur-Alzette,4177
Schifflange,Esch-sur-Alzette,4178
Schifflange,Esch-sur-Alzette,4179
Schifflange,Esch-sur-Alzette,4180
Schifflange,Esch-sur-Alzette,4201
Schifflange,Esch-sur-Alzette,4202
Schifflange,Esch-sur-Alzette,4203
Schifflange,Esch-sur-Alzette,4204
Schifflange,Esch-sur-Alzette,4205
Schifflange,Esch-sur-Alzette,4206
Schifflange,Esch-sur-Alzette,4207
Schifflange,Esch-sur-Alzette,4208
Schifflange,Esch-sur-Alzette,4209
Schifflange,Esch-sur-Alzette,4210
Schifflange,Esch-sur-Alzette,4211
Schifflange,Esch-sur-Alzette,4213
Schifflange,Esch-sur-Alzette,4214
Schifflange,Esch-sur-Alzette,4216
Schifflange,Esch-sur-Alzette,4217
Schifflange,Esch-sur-Alzette,4220
Schifflange,Esch-sur-Alzette,4221
Schifflange,Esch-sur-Alzette,4222
Schifflange,Esch-sur-Alzette,4230
Schifflange,Esch-sur-Alzette,4231
Schifflange,Esch-sur-Alzette,4232
Schifflange,Esch-sur-Alzette,4233
Schifflange,Esch-sur-Alzette,4234
Schifflange,Esch-sur-Alzette,4235
Schifflange,Esch-sur-Alzette,4236
Schifflange,Esch-sur-Alzette,4237
Schifflange,Esch-sur-Alzette,4238
Schifflange,Esch-sur-Alzette,4239
Schifflange,Esch-sur-Alzette,4240
Schifflange,Esch-sur-Alzette,4241
Schifflange,Esch-sur-Alzette,4242
Schifflange,Esch-sur-Alzette,4243
Schifflange,Esch-sur-Alzette,4244
Schifflange,Esch-sur-Alzette,4245
Schifflange,Esch-sur-Alzette,4246
Schifflange,Esch-sur-Alzette,4247
Schifflange,Esch-sur-Alzette,4248
Schifflange,Esch-sur-Alzette,4249
Schifflange,Esch-sur-Alzette,4250
Schifflange,Esch-sur-Alzette,4251
Schifflange,Esch-sur-Alzette,4252
Schifflange,Esch-sur-Alzette,4253
Schifflange,Esch-sur-Alzette,4254
Schifflange,Esch-sur-Alzette,4260
Schifflange,Esch-sur-Alzette,4261
Schifflange,Esch-sur-Alzette,4263
Schifflange,Esch-sur-Alzette,4264
Schifflange,Esch-sur-Alzette,4265
Schifflange,Esch-sur-Alzette,4266
Schifflange,Esch-sur-Alzette,4267
Schifflange,Esch-sur-Alzette,4268
Schifflange,Esch-sur-Alzette,4270
Schifflange,Esch-sur-Alzette,4271
Schifflange,Esch-sur-Alzette,4275
Schifflange,Esch-sur-Alzette,4276
Schifflange,Esch-sur-Alzette,4277
Schifflange,Esch-sur-Alzette,4278
Schifflange,Esch-sur-Alzette,4279
Schifflange,Esch-sur-Alzette,4280
Schifflange,Esch-sur-Alzette,4281
Schifflange,Esch-sur-Alzette,4282
Schifflange,Esch-sur-Alzette,4283
Schifflange,Esch-sur-Alzette,4289
Schifflange,Esch-sur-Alzette,4301
Schifflange,Esch-sur-Alzette,4302
Schifflange,Esch-sur-Alzette,4303
Schifflange,Esch-sur-Alzette,4304
Schifflange,Esch-sur-Alzette,4305
Schifflange,Esch-sur-Alzette,4306
Schifflange,Esch-sur-Alzette,4307
Schifflange,Esch-sur-Alzette,4308
Schifflange,Esch-sur-Alzette,4309
Schifflange,Esch-sur-Alzette,4310
Schifflange,Esch-sur-Alzette,4314
Schifflange,Esch-sur-Alzette,4315
Schifflange,Esch-sur-Alzette,4316
Schifflange,Esch-sur-Alzette,4317
Schifflange,Esch-sur-Alzette,4318
Schifflange,Esch-sur-Alzette,4319
Schifflange,Esch-sur-Alzette,4320
Schifflange,Esch-sur-Alzette,4321
Schifflange,Esch-sur-Alzette,4322
Schifflange,Esch-sur-Alzette,4323
Schifflange,Esch-sur-Alzette,4324
Schifflange,Esch-sur-Alzette,4325
Schifflange,Esch-sur-Alzette,4326
Schifflange,Esch-sur-Alzette,4327
Schifflange,Esch-sur-Alzette,4328
Schifflange,Esch-sur-Alzette,4330
Schifflange,Esch-sur-Alzette,4331
Schifflange,Esch-sur-Alzette,4332
Schifflange,Esch-sur-Alzette,4333
Schifflange,Esch-sur-Alzette,4334
Schifflange,Esch-sur-Alzette,4335
Schifflange,Esch-sur-Alzette,4336
Schifflange,Esch-sur-Alzette,4337
Schifflange,Esch-sur-Alzette,4340
Schifflange,Esch-sur-Alzette,4341
Schifflange,Esch-sur-Alzette,4342
Schifflange,Esch-sur-Alzette,4343
Schifflange,Esch-sur-Alzette,4344
Schifflange,Esch-sur-Alzette,4345
Schifflange,Esch-sur-Alzette,4346
Schifflange,Esch-sur-Alzette,4347
Schifflange,Esch-sur-Alzette,4348
Schifflange,Esch-sur-Alzette,4349
Schifflange,Esch-sur-Alzette,4350
Schifflange,Esch-sur-Alzette,4351
Schifflange,Esch-sur-Alzette,4352
Schifflange,Esch-sur-Alzette,4353
Schifflange,Esch-sur-Alzette,4354
Schifflange,Esch-sur-Alzette,4355
Schifflange,Esch-sur-Alzette,4360
Schifflange,Esch-sur-Alzette,4361
Schifflange,Esch-sur-Alzette,4362
Schifflange,Esch-sur-Alzette,4363
Schifflange,Esch-sur-Alzette,4364
Schifflange,Esch-sur-Alzette,4365
Schifflange,Esch-sur-Alzette,4366
Schifflange,Esch-sur-Alzette,4369
Schifflange,Esch-sur-Alzette,4370
Schifflange,Esch-sur-Alzette,4374
Schifflange,Foetz,3895
Schifflange,Foetz,3896
Schifflange,Foetz,3897
Schifflange,Foetz,3898
Schifflange,Foetz,3899
Schifflange,Limpach,4499
Schifflange,Mondercange,3909
Schifflange,Mondercange,3910
Schifflange,Mondercange,3911
Schifflange,Mondercange,3912
Schifflange,Mondercange,3913
Schifflange,Mondercange,3914
Schifflange,Mondercange,3915
Schifflange,Mondercange,3916
Schifflange,Mondercange,3917
Schifflange,Mondercange,3918
Schifflange,Mondercange,3919
Schifflange,Mondercange,3920
Schifflange,Mondercange,3921
Schifflange,Mondercange,3922
Schifflange,Mondercange,3924
Schifflange,Mondercange,3925
Schifflange,Mondercange,3926
Schifflange,Mondercange,3927
Schifflange,Mondercange,3928
Schifflange,Mondercange,3929
Schifflange,Mondercange,3930
Schifflange,Mondercange,3931
Schifflange,Mondercange,3932
Schifflange,Mondercange,3933
Schifflange,Mondercange,3934
Schifflange,Mondercange,3935
Schifflange,Mondercange,3936
Schifflange,Mondercange,3937
Schifflange,Mondercange,3938
Schifflange,Mondercange,3939
Schifflange,Mondercange,3940
Schifflange,Mondercange,3941
Schifflange,Mondercange,3943
Schifflange,Mondercange,3944
Schifflange,Mondercange,3945
Schifflange,Pissange,3985
Schifflange,Pontpierre,4390
Schifflange,Pontpierre,4391
Schifflange,Pontpierre,4392
Schifflange,Pontpierre,4393
Schifflange,Pontpierre,4394
Schifflange,Pontpierre,4395
Schifflange,Pontpierre,4396
Schifflange,Pontpierre,4397
Schifflange,Pontpierre,4398
Schifflange,Schifflange,3810
Schifflange,Schifflange,3811
Schifflange,Schifflange,3812
Schifflange,Schifflange,3813
Schifflange,Schifflange,3814
Schifflange,Schifflange,3815
Schifflange,Schifflange,3816
Schifflange,Schifflange,3817
Schifflange,Schifflange,3818
Schifflange,Schifflange,3819
Schifflange,Schifflange,3820
Schifflange,Schifflange,3821
Schifflange,Schifflange,3822
Schifflange,Schifflange,3823
Schifflange,Schifflange,3824
Schifflange,Schifflange,3825
Schifflange,Schifflange,3826
Schifflange,Schifflange,3830
Schifflange,Schifflange,3831
Schifflange,Schifflange,3832
Schifflange,Schifflange,3833
Schifflange,Schifflange,3834
Schifflange,Schifflange,3835
Schifflange,Schifflange,3836
Schifflange,Schifflange,3837
Schifflange,Schifflange,3838
Schifflange,Schifflange,3839
Schifflange,Schifflange,3840
Schifflange,Schifflange,3841
Schifflange,Schifflange,3842
Schifflange,Schifflange,3843
Schifflange,Schifflange,3850
Schifflange,Schifflange,3851
Schifflange,Schifflange,3852
Schifflange,Schifflange,3853
Schifflange,Schifflange,3854
Schifflange,Schifflange,3855
Schifflange,Schifflange,3856
Schifflange,Schifflange,3857
Schifflange,Schifflange,3858
Schifflange,Schifflange,3859
Schifflange,Schifflange,3860
Schifflange,Schifflange,3861
Schifflange,Schifflange,3862
Schifflange,Schifflange,3863
Schifflange,Schifflange,3864
Schifflange,Schifflange,3870
Schifflange,Schifflange,3871
Schifflange,Schifflange,3872
Schifflange,Schifflange,3873
Schifflange,Schifflange,3874
Schifflange,Schifflange,3875
Schifflange,Schifflange,3876
Schifflange,Schifflange,3877
Schifflange,Schifflange,3878
Schifflange,Schifflange,3879
Schifflange,Schifflange,3880
Schifflange,Schifflange,3881
Schifflange,Schifflange,3882
Schifflange,Schifflange,3883
Schifflange,Schifflange,3884
Schifflange,Schifflange,4149
Schifflange,Soleuvre,4411
Schifflange,Soleuvre,4415
Schifflange,Soleuvre,4417
Schifflange,Soleuvre,4418
Schifflange,Soleuvre,4433
Schifflange,Soleuvre,4434
Schifflange,Soleuvre,4435
Schifflange,Soleuvre,4439
Schifflange,Soleuvre,4440
Schifflange,Soleuvre,4441
Schifflange,Soleuvre,4442
Schifflange,Soleuvre,4447
Schifflange,Soleuvre,4448
Schifflange,Soleuvre,4449
Schifflange,Soleuvre,4459
Schifflange,Soleuvre,4460
Schifflange,Soleuvre,4463
Schifflange,Soleuvre,4464
Schifflange,Soleuvre,4465
Schifflange,Soleuvre,4466
Schifflange,Soleuvre,4469
Schifflange,Soleuvre,4479
Schifflange,Soleuvre,4480
Schifflange,Soleuvre,4482
Schifflange,Soleuvre,4483
Schifflange,Soleuvre,4484
Schifflange,Soleuvre,4486
Schifflange,Soleuvre,4493
Schifflange,Soleuvre,4494
Schifflange,Wickrange,3980
Troisvierges,Biwisch,9948
Troisvierges,Drinklange,9952
Troisvierges,Troisvierges,9903
Troisvierges,Troisvierges,9905
Troisvierges,Troisvierges,9906
Troisvierges,Troisvierges,9907
Troisvierges,Troisvierges,9908
Troisvierges,Troisvierges,9909
Troisvierges,Troisvierges,9910
Troisvierges,Troisvierges,9911
Troisvierges,Troisvierges,9912
Troisvierges,Troisvierges,9913
Uebersyren,Contern,5310
Uebersyren,Contern,5312
Uebersyren,Contern,5313
Uebersyren,Contern,5314
Uebersyren,Contern,5315
Uebersyren,Contern,5316
Uebersyren,Contern,5317
Uebersyren,Contern,5318
Uebersyren,Contern,5320
Uebersyren,Contern,5322
Uebersyren,Contern,5324
Uebersyren,Contern,5326
Uebersyren,Findel,1748
Uebersyren,Findel,2632
Uebersyren,Hostert,6970
Uebersyren,Hostert,6971
Uebersyren,Hostert,6978
Uebersyren,Hostert,6985
Uebersyren,Hostert,6988
Uebersyren,Hostert,6989
Uebersyren,Hostert,6990
Uebersyren,Hostert,6996
Uebersyren,Hostert,6998
Uebersyren,Itzig,5280
Uebersyren,Medingen,5328
Uebersyren,Moutfort,5330
Uebersyren,Moutfort,5331
Uebersyren,Moutfort,5332
Uebersyren,Moutfort,5333
Uebersyren,Moutfort,5334
Uebersyren,Moutfort,5335
Uebersyren,Moutfort,5336
Uebersyren,Moutfort,5337
Uebersyren,Moutfort,5339
Uebersyren,Moutfort,5340
Uebersyren,Moutfort,5341
Uebersyren,Munsbach,5365
Uebersyren,Munsbach,5366
Uebersyren,Munsbach,5372
Uebersyren,Munsbach,5374
Uebersyren,Neuhaeusgen,5290
Uebersyren,Neuhaeusgen,5291
Uebersyren,Niederanven,6939
Uebersyren,Niederanven,6940
Uebersyren,Niederanven,6941
Uebersyren,Niederanven,6942
Uebersyren,Niederanven,6943
Uebersyren,Niederanven,6944
Uebersyren,Niederanven,6945
Uebersyren,Niederanven,6946
Uebersyren,Niederanven,6947
Uebersyren,Niederanven,6948
Uebersyren,Oberanven,6969
Uebersyren,Oberanven,6970
Uebersyren,Oberanven,6976
Uebersyren,Oberanven,6977
Uebersyren,Oberanven,6982
Uebersyren,Oberanven,6986
Uebersyren,Oberanven,6992
Uebersyren,Oberanven,6996
Uebersyren,Oberanven,6997
Uebersyren,Oetrange,5324
Uebersyren,Oetrange,5331
Uebersyren,Oetrange,5351
Uebersyren,Oetrange,5352
Uebersyren,Oetrange,5353
Uebersyren,Oetrange,5355
Uebersyren,Rameldange,6972
Uebersyren,Rameldange,6973
Uebersyren,Rameldange,6974
Uebersyren,Rameldange,6975
Uebersyren,Rameldange,6979
Uebersyren,Rameldange,6980
Uebersyren,Rameldange,6981
Uebersyren,Rameldange,6987
Uebersyren,Rameldange,6990
Uebersyren,Rameldange,6991
Uebersyren,Rameldange,6995
Uebersyren,Rameldange,6996
Uebersyren,Sandweiler,5211
Uebersyren,Sandweiler,5212
Uebersyren,Sandweiler,5213
Uebersyren,Sandweiler,5214
Uebersyren,Sandweiler,5215
Uebersyren,Sandweiler,5216
Uebersyren,Sandweiler,5217
Uebersyren,Sandweiler,5218
Uebersyren,Sandweiler,5219
Uebersyren,Sandweiler,5220
Uebersyren,Sandweiler,5221
Uebersyren,Sandweiler,5222
Uebersyren,Sandweiler,5230
Uebersyren,Sandweiler,5231
Uebersyren,Sandweiler,5232
Uebersyren,Sandweiler,5233
Uebersyren,Sandweiler,5234
Uebersyren,Sandweiler,5236
Uebersyren,Sandweiler,5237
Uebersyren,Sandweiler,5238
Uebersyren,Sandweiler,5239
Uebersyren,Sandweiler,5240
Uebersyren,Sandweiler,5241
Uebersyren,Sandweiler,5243
Uebersyren,Sandweiler,5244
Uebersyren,Sandweiler,5250
Uebersyren,Sandweiler,5251
Uebersyren,Sandweiler,5252
Uebersyren,Sandweiler,5253
Uebersyren,Sandweiler,5254
Uebersyren,Sandweiler,5255
Uebersyren,Sandweiler,5256
Uebersyren,Sandweiler,5280
Uebersyren,Schrassig,5299
Uebersyren,Schrassig,5360
Uebersyren,Schrassig,5361
Uebersyren,Schrassig,5362
Uebersyren,Schrassig,5363
Uebersyren,Schrassig,5364
Uebersyren,Schuttrange,5342
Uebersyren,Schuttrange,5359
Uebersyren,Schuttrange,5367
Uebersyren,Schuttrange,5368
Uebersyren,Schuttrange,5369
Uebersyren,Schuttrange,5370
Uebersyren,Schuttrange,5371
Uebersyren,Schuttrange,5372
Uebersyren,Schuttrange,5373
Uebersyren,Schuttrange,5375
Uebersyren,Schuttrange,5381
Uebersyren,Senningen,6960
Uebersyren,Senningen,6961
Uebersyren,Senningen,6962
Uebersyren,Senningerberg,1209
Uebersyren,Senningerberg,1239
Uebersyren,Senningerberg,1245
Uebersyren,Senningerberg,1259
Uebersyren,Senningerberg,1448
Uebersyren,Senningerberg,1638
Uebersyren,Senningerberg,1646
Uebersyren,Senningerberg,1670
Uebersyren,Senningerberg,1709
Uebersyren,Senningerberg,1736
Uebersyren,Senningerberg,1748
Uebersyren,Senningerberg,2170
Uebersyren,Senningerberg,2357
Uebersyren,Senningerberg,2434
Uebersyren,Senningerberg,2443
Uebersyren,Senningerberg,2513
Uebersyren,Senningerberg,2633
Uebersyren,Syren,5898
Uebersyren,Syren,5899
Uebersyren,Uebersyren,5376
Uebersyren,Uebersyren,5377
Uebersyren,Uebersyren,5378
Uebersyren,Uebersyren,5380
Wiltz,Erpeldange,9648
Wiltz,Noertrange,9676
Wiltz,Roullingen,9681
Wiltz,Weidingen,9517
Wiltz,Weidingen,9518
Wiltz,Weidingen,9535
Wiltz,Weidingen,9553
Wiltz,Weidingen,9572
Wiltz,Weidingen,9576
Wiltz,Weidingen,9579
Wiltz,Wiltz,9510
Wiltz,Wiltz,9511
Wiltz,Wiltz,9512
Wiltz,Wiltz,9513
Wiltz,Wiltz,9514
Wiltz,Wiltz,9515
Wiltz,Wiltz,9516
Wiltz,Wiltz,9519
Wiltz,Wiltz,9520
Wiltz,Wiltz,9521
Wiltz,Wiltz,9522
Wiltz,Wiltz,9523
Wiltz,Wiltz,9530
Wiltz,Wiltz,9531
Wiltz,Wiltz,9532
Wiltz,Wiltz,9533
Wiltz,Wiltz,9534
Wiltz,Wiltz,9536
Wiltz,Wiltz,9537
Wiltz,Wiltz,9538
Wiltz,Wiltz,9539
Wiltz,Wiltz,9540
Wiltz,Wiltz,9541
Wiltz,Wiltz,9542
Wiltz,Wiltz,9543
Wiltz,Wiltz,9544
Wiltz,Wiltz,9545
Wiltz,Wiltz,9550
Wiltz,Wiltz,9551
Wiltz,Wiltz,9552
Wiltz,Wiltz,9554
Wiltz,Wiltz,9555
Wiltz,Wiltz,9556
Wiltz,Wiltz,9557
Wiltz,Wiltz,9558
Wiltz,Wiltz,9559
Wiltz,Wiltz,9560
Wiltz,Wiltz,9565
Wiltz,Wiltz,9570
Wiltz,Wiltz,9571
Wiltz,Wiltz,9573
Wiltz,Wiltz,9574
Wiltz,Wiltz,9575
Wiltz,Wiltz,9577
Wiltz,Wiltz,9578
Wiltz,Wiltz,9674
Wiltz,Wiltz,9696
Wiltz,Winseler,9696
